"ken","kuno","kucode","kuname","人口_総数","人口_0〜4歳","人口_5〜9歳","人口_10〜14歳","人口_15〜19歳","人口_20〜24歳","人口_25〜29歳","人口_30〜34歳","人口_35〜39歳","人口_40〜44歳","人口_45〜49歳","人口_50〜54歳","人口_55〜59歳","人口_60〜64歳","人口_65〜69歳","人口_70〜74歳","人口_75〜79歳","人口_80〜84歳","人口_85〜89歳","人口_90〜94歳","人口_95〜99歳","人口_100歳以上","人口_年齢「不詳」","人口_（再掲）15歳未満","人口_（再掲）15〜64歳","人口_（再掲）65歳以上","人口_（再掲）75歳以上","人口_（再掲）85歳以上","人口_（再掲）20〜69歳"
1,1,101,"北海道1区",527598,16348,18025,18334,21354,25473,26797,28562,31835,35598,40535,37098,35398,32607,35217,37380,26300,20564,15629,7877,2028,312,14327,52707,315257,145307,72710,25846,329120
1,2,102,"北海道2区",546641,19208,21389,22236,24919,29572,27377,29742,33612,38375,43622,37176,33524,31348,36460,38230,26674,19989,13973,6861,1815,304,10235,62833,329267,144306,69616,22953,340808
1,3,103,"北海道3区",530444,18141,19569,20147,22155,26528,30009,31765,33965,38084,42998,37843,35232,32129,34491,35602,25049,19252,14418,7062,1955,269,3781,57857,330708,138098,68005,23704,343044
1,4,104,"北海道4区",480342,14682,17819,19489,20047,18143,17817,20692,25734,31036,35510,30905,30356,30976,38663,42310,29872,23098,16702,8715,2500,389,4887,51990,261216,162249,81276,28306,279832
1,5,105,"北海道5区",510595,16420,19842,21795,26606,26183,20778,23796,27776,32590,38291,34777,33583,33309,38064,39512,28389,21880,14866,7327,1983,305,2523,58057,297689,152326,74750,24481,309147
1,6,106,"北海道6区",481953,14790,17427,18917,20087,17077,18170,20769,25072,30288,34289,30860,30435,31484,37540,41388,31414,26155,18632,9186,2638,437,4898,51134,258531,167390,88462,30893,275984
1,7,107,"北海道7区",294384,8757,10436,11874,12275,10994,12009,13225,15429,18239,21082,19192,19830,20256,24606,24284,18070,14903,10162,4637,1292,194,2638,31067,162531,98148,49258,16285,174862
1,8,108,"北海道8区",413767,11062,13568,15313,16180,14323,15039,16618,20383,24828,30009,27231,27101,28258,34965,37552,27838,22626,16410,8017,2275,344,3827,39943,219970,150027,77510,27046,238755
1,9,109,"北海道9区",445726,13739,16255,17766,18819,16790,17773,19654,23296,27840,32532,27706,27470,28008,35965,38791,29388,23598,15918,7724,2156,345,4193,47760,239888,153885,79129,26143,257034
1,10,110,"北海道10区",325014,7988,9860,11037,12416,10362,10491,12060,14244,17656,21450,20113,21868,22682,28050,30584,24271,21359,15691,7496,2217,398,2721,28885,163342,130066,71432,25802,178976
1,11,111,"北海道11区",332648,11188,13305,14255,13780,12582,14674,15876,18370,21295,24309,21618,22132,21459,24762,25587,19225,16305,11859,5870,1697,286,2214,38748,186095,105591,55242,19712,197077
1,12,112,"北海道12区",335502,10050,11988,12785,12591,12382,13196,14704,17438,20720,23535,21033,22770,22864,27092,28655,20956,18189,13108,6460,1861,309,2816,34823,181233,116630,60883,21738,195734
2,1,201,"青森1区",390763,10934,13208,15064,16060,12917,14214,16434,20128,24328,27434,25577,26332,28007,31265,32299,22906,18872,13619,6031,1585,205,13344,39206,211431,126782,63218,21440,226636
2,2,202,"青森2区",451243,14825,17115,18595,19184,15783,17634,20121,24428,27912,32122,30611,30152,31880,36795,36453,26428,21661,16278,7258,1862,265,3881,50535,249827,147000,73752,25663,267438
2,3,203,"青森3区",395978,11575,13197,14599,16846,15154,14280,16584,20293,23560,25770,25357,27726,29339,32639,33154,24537,22191,16813,7793,1790,244,2537,39371,214909,139161,73368,26640,230702
3,1,301,"岩手1区",349934,11936,14042,15041,17155,15974,15342,17083,20005,23086,25700,22894,22818,22804,23750,24260,17627,14188,10918,5171,1386,193,8561,41019,202861,97493,49483,17668,209456
3,2,302,"岩手2区",421572,11923,14552,16309,15980,12847,14886,16963,20497,23721,26613,26814,28673,31722,37137,35839,28164,25554,19055,9300,2438,364,2221,42784,218716,157851,84875,31157,239873
3,3,303,"岩手3区",439028,13485,16497,18662,19318,14471,16517,19469,23907,28087,29825,26662,28168,30815,35168,33928,25476,23653,18442,9391,2587,370,4130,48644,237239,149015,79919,30790,253089
4,1,401,"宮城1区",546348,19756,21575,21715,27127,35874,29508,31286,34349,37753,41860,36458,32065,29648,31137,32375,24057,18607,13521,6823,1832,274,18748,63046,335928,128626,65114,22450,339938
4,2,402,"宮城2区",550356,20624,22258,22737,26246,28796,29535,32579,35610,39264,44119,37512,33095,30397,32810,33451,24455,18100,12324,5706,1527,224,18987,65619,337153,128597,62336,19781,343717
4,3,403,"宮城3区",334448,11249,13889,15179,16355,14219,13287,16542,20230,22449,23681,19921,20179,22858,26304,25329,17574,14285,10530,5616,1553,226,2993,40317,189721,101417,49784,17925,199670
4,4,404,"宮城4区",461445,15746,19483,20838,22070,19984,19656,22738,27144,31201,33525,29383,28990,30463,34364,33440,24894,20005,13966,6663,1862,285,4745,56067,265154,135479,67675,22776,277448
4,5,405,"宮城5区",409399,11779,14861,16739,17339,13473,14693,17800,22558,25594,25805,23293,26835,31499,36844,33372,22839,22057,17989,9125,2315,324,2266,43379,218889,144865,74649,29753,238394
5,1,501,"秋田1区",307672,9434,11244,12131,13017,12562,12269,14096,16778,20347,22572,19801,20219,21094,23339,24085,16824,14343,10531,5330,1322,175,6159,32809,172755,95949,48525,17358,183077
5,2,502,"秋田2区",288633,6546,8274,10180,10166,7223,8562,10116,13184,16344,17666,17294,19658,22243,26581,27894,20971,19544,15435,7562,1893,273,1024,25000,142456,120153,65678,25163,158871
5,3,503,"秋田3区",363197,9291,11786,13787,13156,9407,11124,14395,18536,21558,22259,20960,24576,29505,33932,32127,22704,22546,18281,9256,2332,288,1391,34864,185476,141466,75407,30157,206252
6,1,601,"山形1区",363311,12594,14552,15504,16932,15348,15353,17518,21028,23982,25028,22463,22474,23759,26041,26673,19934,16557,12731,6974,1890,238,5738,42650,203885,111038,58324,21833,212994
6,2,602,"山形2区",370390,11798,14150,15875,16199,14389,13896,17028,20007,22284,23124,21564,23848,26787,30656,28721,20791,19530,16076,8883,2563,364,1857,41823,199126,127584,68207,27886,213583
6,3,603,"山形3区",334326,9906,12001,13706,13741,9994,11755,14284,16776,19931,21385,20105,22431,25406,28922,27905,20250,18766,14933,7917,1965,274,1973,35613,175808,120932,64105,25089,190989
7,1,701,"福島1区",465894,14885,17071,18971,21137,18970,19312,21907,25055,28887,32585,29229,30107,32036,36549,35541,26305,21431,16541,8794,2377,299,7905,50927,259225,147837,75747,28011,274637
7,2,702,"福島2区",519577,18270,20818,22261,24269,21617,23360,26564,30257,33853,36021,32516,34284,37019,39145,36138,25307,20911,16096,8328,2112,321,10110,61349,299760,148358,73075,26857,314636
7,3,703,"福島3区",395173,12685,15277,16694,17083,13529,15389,18338,21113,23299,24404,23047,26229,30116,33305,30070,21941,20327,16588,8960,2540,385,3854,44656,212547,134116,70741,28473,228769
7,4,704,"福島4区",452508,14759,16534,17927,18691,15883,19378,21120,23914,27703,31290,28801,29822,32107,36332,34690,25552,20757,15268,7656,1955,304,12065,49220,248709,142514,71492,25183,266350
8,1,801,"茨城1区",501830,17370,19798,21336,22706,20635,21720,25160,28828,32667,38063,33633,31581,32192,36267,36685,27494,20849,14876,7819,2205,348,9598,58504,287185,146543,73591,25248,300746
8,2,802,"茨城2区",364132,12154,14099,15713,16295,15610,17148,18777,21244,23287,26714,23107,22227,24160,28704,28945,20579,15040,10232,4980,1327,160,3630,41966,208569,109967,52318,16699,220978
8,3,803,"茨城3区",459781,14747,18009,19869,21026,20179,18771,21273,26048,31113,36472,30619,27711,27679,34391,39438,29999,19212,11140,5297,1374,218,5196,52625,260891,141069,67240,18029,274256
8,4,804,"茨城4区",313688,9866,11862,13294,13780,11365,12990,15107,16876,19282,23490,21576,20642,21120,23568,23497,18729,14645,10408,5540,1517,225,4309,35022,176228,98129,51064,17690,186016
8,5,805,"茨城5区",281899,8179,10074,11785,13149,11756,11752,12701,14245,16514,21769,20124,18274,17654,20645,21725,19215,14717,8575,4025,1184,191,3646,30038,157938,90277,47907,13975,165434
8,6,806,"茨城6区",546750,21074,24090,24260,25543,28517,26258,29126,33274,37325,41287,34743,30678,29148,33203,36096,27022,18998,12716,6413,1795,260,24924,69424,315899,136503,67204,21184,323559
8,7,807,"茨城7区",398929,12901,15675,17586,18648,17994,18158,19938,23025,26408,30219,26367,24366,26332,30985,31103,21939,15820,10477,5444,1447,204,3893,46162,231455,117419,55331,17572,243792
9,1,901,"栃木1区",505456,19336,21544,22728,22525,22296,25583,28087,32001,36315,41142,34749,30275,27872,30530,33077,24549,17229,11978,5614,1479,224,16323,63608,300845,124680,61073,19295,308850
9,2,902,"栃木2区",299897,9861,11632,13050,13076,11619,13387,14953,17116,19514,22115,19569,19029,20354,23296,23699,16697,12761,9077,4933,1412,214,2533,34543,170732,92089,45094,15636,180952
9,3,903,"栃木3区",282508,8815,10804,11873,13214,11342,11226,13315,15767,18317,20428,17448,17265,19913,23431,22881,15066,11725,8756,4736,1332,203,4651,31492,158235,88130,41818,15027,168452
9,4,904,"栃木4区",428762,15196,17993,19212,19984,19332,19596,23032,25809,28765,32745,27532,26199,28126,31988,31186,21404,15467,10436,5438,1551,189,7582,52401,251120,117659,54485,17614,263124
9,5,905,"栃木5区",416523,12816,15328,17365,18805,16849,17585,19601,22898,26811,31390,27755,25925,27060,31909,34746,25449,18664,12730,6301,1797,227,4512,45509,234679,131823,65168,21055,247783
10,1,1001,"群馬1区",409107,13062,14991,16489,18272,16555,16463,18337,20961,24113,29159,26120,25014,25309,28810,30884,23541,18193,13424,7324,1904,299,19883,44542,220303,124379,64685,22951,230841
10,2,1002,"群馬2区",403997,13561,15799,17800,19667,19226,18343,19260,22109,26804,31690,27957,25189,23792,26674,30460,23025,16577,11360,5595,1556,270,7283,47160,234037,115517,58383,18781,241044
10,3,1003,"群馬3区",401760,14270,16973,18671,19515,18984,19930,20884,23875,28039,32856,27633,23093,22040,26353,30539,22370,14598,9325,4557,1316,232,5707,49914,236849,109290,52398,15430,243687
10,4,1004,"群馬4区",353488,12213,13800,15495,16917,16329,16110,17300,19471,23371,28115,24464,21782,20214,22857,26075,20432,14912,10443,5306,1422,223,6237,41508,204073,101670,52738,17394,210013
10,5,1005,"群馬5区",370758,11370,13929,15881,16062,13877,14463,16223,19076,22772,26749,23628,23430,24689,30117,31505,23023,18221,13336,7255,2087,329,2736,41180,200969,125873,64251,23007,215024
11,1,1101,"埼玉1区",458192,19178,21335,21233,21019,23234,23468,25962,29532,32853,37573,33589,28913,23898,23479,27276,22139,16207,10294,4837,1233,184,10756,61746,280041,105649,54894,16548,282501
11,2,1102,"埼玉2区",478246,18030,19198,19582,20123,24994,28622,29365,31150,34635,41391,36654,30090,23510,24857,29557,24404,17965,10343,3747,913,144,8972,56810,300534,111930,57516,15147,305268
11,3,1103,"埼玉3区",457649,18405,20051,20896,21414,24451,24388,25598,29203,32732,40692,35041,27453,22285,25018,30009,25430,18007,9716,3739,1026,171,1924,59352,283257,113116,58089,14652,286861
11,4,1104,"埼玉4区",466435,19883,21084,20357,20761,26332,26978,28251,31760,35301,40531,35711,28569,21903,22711,27278,22498,16580,9614,3709,907,145,5572,61324,296097,103442,53453,14375,298047
11,5,1105,"埼玉5区",463794,18403,19539,19775,20617,24967,28172,28305,30160,32975,38818,34410,29003,23942,23568,26732,21805,16097,10754,4857,1206,232,9457,57717,291369,105251,54951,17049,294320
11,6,1106,"埼玉6区",483717,15744,18286,19823,21375,22017,21310,23319,26550,31057,39097,34279,29772,27622,31835,37152,31058,21680,11845,4557,1181,210,13948,53853,276398,139518,70531,17793,286858
11,7,1107,"埼玉7区",466430,14987,17250,17880,18892,21926,20776,21528,24705,29028,35075,30543,25422,22210,25542,31655,26492,18193,9660,3664,893,133,49976,50117,250105,116232,59035,14350,256755
11,8,1108,"埼玉8区",494495,15237,18064,18760,20178,22599,20419,21593,25572,30502,37370,33428,28842,24460,27816,33479,28408,20315,11571,4852,1239,217,49574,52061,264963,127897,66602,17879,272601
11,9,1109,"埼玉9区",475677,14077,17141,19462,22075,23083,20347,21306,24997,30124,38004,32988,29211,28751,35456,41018,32431,21247,12173,5223,1545,240,4778,50680,270886,149333,72859,19181,284267
11,10,1110,"埼玉10区",389998,11861,14309,15879,18486,19472,16466,18045,20869,25197,30516,25893,23004,24279,30195,33894,25188,16085,9458,4455,1206,196,5045,42049,222227,120677,56588,15315,233936
11,11,1111,"埼玉11区",404351,12607,15047,17377,18943,17058,16685,18323,21645,25312,30371,27095,25670,26763,31330,32607,23886,17822,12097,6013,1699,254,5747,45031,227865,125708,61771,20063,240252
11,12,1112,"埼玉12区",437517,13543,16105,18248,19956,20072,19607,21050,24259,28029,33002,29369,28032,29497,33748,35523,25231,17949,11618,5574,1517,216,5372,47896,252873,131376,62105,18925,266665
11,13,1113,"埼玉13区",437194,13939,16644,18698,19621,19531,18885,20673,24394,29245,35778,29584,26140,25611,31899,37076,29515,19220,10734,4672,1226,187,3922,49281,249462,134529,65554,16819,261740
11,14,1114,"埼玉14区",483812,18616,19707,20262,21200,25833,27139,27831,30710,35377,43280,36842,28615,23276,26912,33807,28009,18906,9582,3370,830,133,3575,58585,300103,121549,60830,13915,305815
11,15,1115,"埼玉15区",505406,21134,21973,21502,22438,30768,32403,32852,34420,37188,42788,38317,32430,24677,23144,26094,21167,15452,9309,3818,979,175,12378,64609,328281,100138,50900,14281,328987
11,16,1116,"埼玉16区",441852,13637,15794,17842,18993,19515,18297,19451,22792,27636,35380,30912,24879,22872,28496,35945,29591,19406,9962,3995,1075,179,25203,47273,240727,128649,64208,15211,250230
12,1,1201,"千葉1区",521262,16885,19777,21847,23649,27380,23795,24890,29142,34726,43653,38634,31379,25709,27606,33890,27793,19999,11424,4495,1151,203,33235,58509,302957,126561,65065,17273,306914
12,2,1202,"千葉2区",376826,13584,14670,15996,18087,20005,18761,19698,21712,25344,32496,29503,23155,18476,20574,25780,22834,16374,9211,3643,917,135,5871,44250,227237,99468,53114,13906,229724
12,3,1203,"千葉3区",398945,14039,16311,17828,19186,18640,18723,20178,22653,25773,31971,28214,25174,23969,26944,28877,22864,15344,9146,3994,1056,166,7895,48178,234481,108391,52570,14362,242239
12,4,1204,"千葉4区",488099,19313,21002,21392,21763,26751,29223,28886,31846,36213,42814,36938,29452,22960,23862,28713,23859,17065,10521,4392,1198,215,9721,61707,306846,109825,57250,16326,308945
12,5,1205,"千葉5区",503057,19839,19409,19809,21783,33326,39342,36074,36133,37469,43630,39260,31178,22947,22504,25300,18389,12165,7158,3104,688,107,13443,59057,341142,89415,41611,11057,341863
12,6,1206,"千葉6区",498232,18104,19118,19628,21375,27363,28069,28256,30468,33661,41345,38304,31424,25222,27252,33497,28119,20210,12194,4902,1205,216,8300,56850,305487,127595,66846,18517,311364
12,7,1207,"千葉7区",352487,16083,16569,15946,14996,16192,16701,20098,24402,26126,28180,22269,18742,17385,21236,25755,20367,13452,7762,3460,935,131,5700,48598,205091,93098,46107,12288,211331
12,8,1208,"千葉8区",426468,16809,17872,18652,18835,20837,20981,23720,27270,30745,34543,29031,24126,21651,24999,30072,23610,16366,9822,4122,1061,160,11184,53333,251739,110212,55141,15165,257903
12,9,1209,"千葉9区",476714,14962,18131,19864,21248,21310,19996,22044,25430,29792,38506,33991,29379,27591,33132,40095,33318,22524,12206,4924,1257,216,6798,52957,269287,147672,74445,18603,281171
12,10,1210,"千葉10区",395257,11247,14252,16045,17109,18794,17896,18929,21495,24303,28057,25238,25300,26548,30700,31937,22313,18049,13018,6834,1689,243,5261,41544,223669,124783,62146,21784,237260
12,11,1211,"千葉11区",410235,10291,13278,15333,17230,16670,14464,16385,20026,23135,28519,26780,26987,29686,35056,38774,28485,20791,14457,7643,1966,326,3953,38902,219882,147498,73668,24392,237708
12,12,1212,"千葉12区",444813,14075,16565,17850,19426,17961,18575,20469,23167,26961,32472,28099,25986,27308,33481,38191,30088,21113,14475,7460,2099,369,8623,48490,240424,147276,75604,24403,254479
12,13,1213,"千葉13区",496099,17754,20951,22589,23307,22773,20733,24258,29279,34210,40397,34259,29658,29065,34315,39020,30108,19597,11437,4882,1303,189,6015,61294,287939,140851,67516,17811,298947
12,14,1214,"千葉14区",495986,18068,20893,21866,23551,28217,24211,25973,29846,34941,41273,37142,30092,24264,26024,32638,28715,21599,12324,4652,1227,167,8303,60827,299510,127346,68684,18370,301983
13,1,1301,"東京1区",416065,14292,12720,11166,11682,25289,34271,33143,32637,31722,32746,27909,22974,17737,16165,18884,14567,11236,7984,3934,1081,186,33740,38178,270110,74037,38988,13185,274593
13,2,1302,"東京2区",380623,16709,14025,11000,9700,15881,28592,32463,34514,34587,35897,30682,24168,17688,15969,18751,14356,10923,7678,3405,954,157,2524,41734,264172,72193,37473,12194,270441
13,3,1303,"東京3区",446949,18936,16649,14278,12888,20144,31801,35242,36580,35352,37099,31413,25325,19900,19615,23147,17388,13012,9230,4274,1218,192,23266,49863,285744,88076,45314,14914,292471
13,4,1304,"東京4区",513628,17783,16764,16124,17281,31532,39380,35601,35152,35660,40891,36378,29974,24235,24966,28971,23115,16997,11191,5192,1459,214,24768,50671,326084,112105,58168,18056,333769
13,5,1305,"東京5区",457259,17681,18598,17044,16843,26131,31224,32348,35444,38795,39791,36227,30323,23071,19853,22744,17158,13434,10305,5477,1500,241,3027,53323,310197,90712,48115,17523,313207
13,6,1306,"東京6区",486466,17857,19152,18608,19992,31663,33794,32546,35374,38619,41536,37819,32415,24677,21208,24134,18973,15119,11971,6054,1631,243,3081,55617,328435,99333,53991,19899,329651
13,7,1307,"東京7区",504369,22279,19734,15685,13191,20887,33173,38953,43569,44575,44123,38239,30406,22028,18741,21452,16010,12354,9156,4533,1324,237,33720,57698,329144,83807,43614,15250,334694
13,8,1308,"東京8区",472388,16842,15949,15156,15772,26857,33993,33514,34600,35212,37097,33736,28982,23023,20514,23441,18130,14181,10837,5767,1514,283,26988,47947,302786,94667,50712,18401,307528
13,9,1309,"東京9区",369336,13744,15254,15659,16984,20974,20369,20566,23192,25671,29839,28916,24851,18641,16946,19227,16326,13897,10235,4771,1139,206,11929,44657,230003,82747,46574,16351,229965
13,10,1310,"東京10区",541668,19871,18531,16152,16989,36889,46263,43790,42355,42544,42446,37078,31085,24413,22654,25703,19334,14923,10926,5332,1459,228,22703,54554,363852,100559,52202,17945,369517
13,11,1311,"東京11区",479076,16609,16930,15662,17654,31166,35791,32690,33030,34148,37038,32673,28382,23370,23320,26110,20004,15528,11281,5406,1431,221,20632,49201,305942,103301,53871,18339,311608
13,12,1312,"東京12区",460620,17239,15800,14301,15629,26352,33834,33717,33132,33489,36429,31088,26264,22048,24432,29613,24172,18534,12656,5604,1427,244,4616,47340,291982,116682,62637,19931,300785
13,13,1313,"東京13区",469525,15504,16698,17027,18006,25758,30456,27505,29075,31936,38171,35217,29219,23373,24333,28280,24309,19056,11880,4446,1027,171,18078,49229,288716,113502,60889,17524,295043
13,14,1314,"東京14区",480269,17811,16818,16367,17239,25630,36128,35697,35140,35356,39584,35269,29530,23715,24285,27806,22681,17546,11619,4970,1199,191,5688,50996,313288,110297,58206,17979,320334
13,15,1315,"東京15区",524310,23013,22822,20637,18835,24331,32287,35814,40970,43159,48613,41154,31655,24898,25615,29728,22997,16699,10055,3832,953,123,6120,66472,341716,110002,54659,14963,348496
13,16,1316,"東京16区",489748,20248,21329,21725,23793,30100,31085,30292,32989,35509,43377,40139,31035,21410,21014,24509,20735,15895,9172,3325,800,125,11142,63302,319729,95575,50052,13422,316950
13,17,1317,"東京17区",453093,16760,17478,17318,18068,25313,27954,27613,29265,31874,37461,34301,29914,24205,24464,27723,22866,18300,12225,4949,1184,182,3676,51556,285968,111893,59706,18540,292364
13,18,1318,"東京18区",483611,18673,19512,18633,20649,29375,28573,29161,32116,34436,37850,35452,31519,25615,23519,26085,20196,16092,12303,5820,1505,242,16285,56818,304746,105762,56158,19870,307616
13,19,1319,"東京19区",405111,15832,16640,16130,18578,25635,22486,22795,25110,27225,31108,30097,27214,21342,19852,21983,17585,14136,10362,4755,1120,199,14927,48602,251590,89992,48157,16436,252864
13,20,1320,"東京20区",498024,17656,20307,22238,23691,24790,21938,24054,28197,32751,40807,37846,32585,26799,28687,33696,28868,22955,14887,5929,1463,261,7619,60201,293458,136746,74363,22540,298454
13,21,1321,"東京21区",491757,17613,20018,20849,24222,32696,26393,26139,29352,33561,40038,36765,31033,24987,26240,29842,24084,17776,11415,4978,1220,170,12366,58480,305186,115725,59643,17783,307204
13,22,1322,"東京22区",522777,20387,21345,20226,21705,31767,30585,30776,35317,38438,42446,39284,33252,25343,23879,27365,22096,17555,13051,6166,1627,259,19908,61958,328913,111998,60754,21103,331087
13,23,1323,"東京23区",431079,14261,17272,19641,22035,22989,17863,18850,23413,28670,36193,33470,27070,22577,23820,28938,25265,19411,12099,5249,1464,224,10305,51174,253130,116470,63712,19036,254915
13,24,1324,"東京24区",461614,13838,16711,18560,23155,29278,21675,21572,24610,29283,35795,33015,28279,24031,27392,33260,27875,20424,12736,5599,1416,253,12857,49109,270693,128955,68303,20004,274930
13,25,1325,"東京25区",492992,15643,18820,20684,22056,23656,22499,23616,26701,31614,39125,36080,31753,28857,32717,37225,30410,21819,14267,6858,2007,388,6197,55147,285957,145691,75749,23520,296618
13,26,1326,"東京26区",522480,19501,20001,18605,18319,28026,36117,37278,40215,41878,45033,40476,33696,25447,22563,26796,20875,15869,11817,5787,1598,253,12330,58107,346485,105558,56199,19455,350729
13,27,1327,"東京27区",463600,15159,13367,11594,13197,29399,41525,39636,37561,35337,35503,30787,26088,20335,19250,21938,17221,13312,10108,4863,1361,230,25829,40120,309368,88283,47095,16562,315421
13,28,1328,"東京28区",383272,14329,13726,13208,14320,23958,29099,27909,27669,27027,29234,27018,23294,19117,17219,18804,14647,11844,8706,4104,1061,166,16813,41263,248645,76551,40528,14037,251544
13,29,1329,"東京29区",442993,16266,17208,17356,17751,23526,27782,27956,29140,32256,37099,32559,27163,21543,22510,26676,22592,17901,11545,4617,1126,203,8218,50830,276775,107170,57984,17491,281534
13,30,1330,"東京30区",502892,18726,21646,22321,23852,28831,25015,26204,31393,36290,42642,39193,32237,25722,26521,31388,25309,18227,11560,4975,1236,217,9387,62693,311379,119433,61524,17988,314048
14,1,1401,"神奈川1区",517058,16225,18759,20144,21133,24746,23059,24498,28871,34038,41861,39840,35032,29489,31377,36364,28134,20398,13751,6033,1563,225,21518,55128,302567,137845,70104,21572,312811
14,2,1402,"神奈川2区",518340,16591,18510,18895,20110,26231,28958,28938,31779,35405,43150,40538,34385,28445,29356,34156,27498,21059,13995,5806,1389,216,12930,53996,317939,133475,69963,21406,327185
14,3,1403,"神奈川3区",544704,20650,21918,21189,21487,31286,35452,35023,37520,39717,46422,41088,33774,27044,26951,29951,22717,16482,10994,5033,1261,208,18537,63757,348813,113597,56695,17496,354277
14,4,1404,"神奈川4区",381629,11724,14940,16724,17171,15675,13142,14757,18986,25104,32794,30939,25250,20648,22076,28970,26081,19996,13405,6299,1704,313,4931,43388,214466,118844,67798,21721,219371
14,5,1405,"神奈川5区",436087,16404,17982,19862,20849,21205,19611,21355,24724,29491,36544,34189,27813,22796,24624,29424,24836,19167,11887,5187,1315,237,6585,54248,258577,116677,62629,18626,262352
14,6,1406,"神奈川6区",452985,14692,16923,18119,19583,24084,21698,21657,25246,29046,35633,34249,30282,25109,26228,30967,26138,21073,14146,6282,1610,230,9990,49734,266587,126674,69479,22268,273232
14,7,1407,"神奈川7区",358530,15145,14733,13525,14262,20800,23926,24138,25837,27340,30047,27875,22646,17076,15926,17719,13627,10213,7002,3395,905,145,12248,43403,233947,68932,35287,11447,235611
14,8,1408,"神奈川8区",493838,18337,21151,22565,25461,28437,23448,24020,28285,33560,41380,41975,35569,27261,25255,29037,23068,16952,11381,5304,1458,274,9660,62053,309396,112729,58437,18417,309190
14,9,1409,"神奈川9区",402439,15092,15505,15887,17789,27429,26618,24960,25679,27654,31934,30504,25501,20013,18853,21396,17133,13037,9114,4348,1246,207,12540,46484,258081,85334,45085,14915,259145
14,10,1410,"神奈川10区",404084,16263,15943,15526,15039,20673,27129,27866,29363,30989,34387,28953,23413,19481,20408,22336,17245,12709,8556,3933,986,179,12707,47732,257293,86352,43608,13654,262662
14,11,1411,"神奈川11区",430147,12334,15047,16838,20853,21298,17545,18863,21523,26212,33899,30747,27162,25080,29273,36391,30608,22262,14817,6526,1719,289,861,44219,243182,141885,76221,23351,251602
14,12,1412,"神奈川12区",485253,19225,21519,22224,22974,24098,22597,24514,29807,35312,41758,37299,30814,24518,25890,31069,25375,18470,11844,5402,1447,270,8827,62968,293691,119767,62808,18963,296607
14,13,1413,"神奈川13区",445705,16195,18294,19476,20271,22496,22429,23505,26033,30597,38092,34171,27331,22432,23970,29659,25683,18583,10684,4528,1180,174,9922,53965,267357,114461,60832,16566,271056
14,14,1414,"神奈川14区",486989,16042,19147,20646,22439,26074,23564,24166,27732,32668,40614,36281,30555,26404,30001,34909,28053,18597,10182,4436,1158,186,13135,55835,290497,127522,62612,15962,298059
14,15,1415,"神奈川15区",532445,18556,21838,23567,25074,25608,22221,24279,30231,36690,44195,40589,34202,29650,32464,38664,31360,22838,14306,6504,1814,295,7500,63961,312739,148245,77117,22919,320129
14,16,1416,"神奈川16区",462001,16655,18692,20128,22168,24898,24413,24436,27703,32244,39254,34541,28108,23679,27459,32436,25644,17262,9600,4212,1137,176,7156,55475,281444,117926,58031,15125,286735
14,17,1417,"神奈川17区",526496,15289,19252,21556,24092,25653,21146,22419,27099,32585,40225,37551,33951,31756,36953,44011,34724,24752,15760,7269,2016,305,8132,56097,296477,165790,84826,25350,309338
14,18,1418,"神奈川18区",498011,22726,20954,19731,19900,29304,37773,38083,39487,40169,43559,38139,29876,21382,19784,21291,16213,11827,8187,3918,1039,163,14506,63411,337672,82422,41347,13307,337556
14,19,1419,"神奈川19区",446860,18845,22267,22606,23093,25055,21884,22757,28462,33693,39983,39023,31593,22074,19788,21985,17641,13105,8323,3664,991,174,9854,63718,287617,85671,43898,13152,284312
14,20,1420,"神奈川20区",413736,14257,15461,16473,17501,22386,21759,21838,24432,28307,34142,32060,26555,21596,22763,26779,22883,16936,9748,4062,1079,180,12539,46191,250576,104430,54888,15069,255838
15,1,1501,"新潟1区",434255,14958,16729,17578,18259,17819,20050,22340,24891,29220,33242,29337,26862,25861,28674,32142,23624,19387,14199,7196,2181,347,9359,49265,247881,127750,66934,23923,258296
15,2,1502,"新潟2区",474855,15329,18429,19786,21551,20596,18609,22061,26006,30743,34193,30629,30095,31020,35901,37172,27113,22712,16261,8274,2298,414,5663,53544,265503,150145,77072,27247,279853
15,3,1503,"新潟3区",446769,13787,17211,18348,20116,16893,16965,20268,23590,27723,29769,27451,28195,30547,36715,37285,25973,22789,17200,9203,2530,406,3805,49346,241517,152101,78101,29339,258116
15,4,1504,"新潟4区",430288,14056,16748,18347,18778,16703,17271,20009,23481,27875,30864,27297,26830,28512,32661,34151,24550,20804,15635,8386,2433,391,4506,49151,237620,139011,72199,26845,251503
15,5,1505,"新潟5区",415105,12884,15620,17670,16861,13235,15559,17852,21220,25123,27608,25971,25918,29049,34386,34561,25360,22047,17196,9773,3107,498,3607,46174,218396,146928,77981,30574,235921
16,1,1601,"富山1区",321666,11510,12312,13053,14316,15318,14982,15980,17631,20873,25907,21515,18955,17650,19956,25012,19443,14099,9821,4941,1440,229,6723,36875,183127,94941,49973,16431,188767
16,2,1602,"富山2区",286989,9111,10679,12489,12881,10816,11823,12553,14755,18119,22352,19081,17889,17607,20409,24319,17982,13558,10381,5440,1487,238,3020,32279,157876,93814,49086,17546,165404
16,3,1603,"富山3区",426159,13230,15520,17273,17998,16101,16697,18096,21370,26474,32386,26596,25275,26056,30608,38578,27242,20469,15883,8482,2564,427,8834,46023,227049,144253,75067,27356,239659
17,1,1701,"石川1区",463254,17150,19063,19860,22912,26112,22120,23598,26031,30878,36959,30368,27258,25542,26678,33243,23812,16530,12413,6461,1810,275,14181,56073,271778,121222,61301,20959,275544
17,2,1702,"石川2区",391740,15586,17473,18834,19441,19047,18089,19721,22274,26347,31417,25414,22626,21819,24544,30086,21605,14862,10736,5547,1677,309,4286,51893,226195,109366,54736,18269,231298
17,3,1703,"石川3区",277532,8184,9914,11032,12368,9885,10020,10611,12304,15627,19172,17285,17371,18767,22124,26867,19250,15040,11477,6194,1782,338,1920,29130,143410,103072,54081,19791,153166
18,1,1801,"福井1区",450734,16254,18731,20521,20859,19720,19494,21765,24546,28012,32727,28407,28612,28320,30938,34277,25344,19792,15203,7947,2313,369,6583,55506,252462,136183,70968,25832,262541
18,2,1802,"福井2区",316129,11779,13477,14782,14342,12050,14280,15568,17181,20156,22779,19563,19720,19883,22082,24061,17590,13886,10962,5972,1679,269,4068,40038,175522,96501,50358,18882,183262
19,1,1901,"山梨1区",507444,17554,19540,21675,24208,21969,21606,23365,26753,31636,37103,34553,32584,31168,34149,37136,28650,21953,16132,8790,2754,464,13702,58769,284945,150028,78743,28140,294886
19,2,1902,"山梨2区",302530,9438,11178,12244,14758,13685,12156,13058,14804,16858,20903,21132,20617,20717,22830,23018,17964,14149,10329,5592,1700,274,5126,32860,168688,95856,50008,17895,176760
20,1,2001,"長野1区",503198,16799,19771,21753,22107,18243,19513,22007,25873,31893,37322,33398,31616,30814,33355,37260,28822,22543,17071,9558,2701,443,20336,58323,272786,151753,81138,29773,284034
20,2,2002,"長野2区",451850,15356,17924,19720,20845,17835,18314,19943,23675,29030,34377,30850,28088,26902,30088,34506,27056,21434,16419,9259,2795,433,7001,53000,249859,141990,77396,28906,259102
20,3,2003,"長野3区",471170,16093,18943,20693,21137,17953,19486,22205,24622,29587,33867,30700,29779,29922,33423,36201,28734,21785,17031,9967,3008,462,5572,55729,259258,150611,80987,30468,271544
20,4,2004,"長野4区",286555,9804,11316,12667,12713,10811,12131,12937,14672,18186,21571,19307,17199,16875,19121,22500,18755,14604,10555,6171,1755,271,2634,33787,156402,93732,52111,18752,162810
20,5,2005,"長野5区",335238,11938,14250,15846,14722,11915,13630,14849,17099,20977,23951,21301,20686,20994,23257,25158,20650,16512,12935,7666,2350,328,4224,42034,180124,108856,60441,23279,188659
21,1,2101,"岐阜1区",402557,13623,15552,16585,18437,18823,16421,17596,20210,23904,29689,27044,24817,22452,24130,28724,23351,18100,11892,5344,1354,198,24311,45760,219393,113093,60239,18788,225086
21,2,2102,"岐阜2区",358439,11749,14940,16739,18042,16437,15038,16593,19185,22923,27508,23635,22568,22234,25391,28473,21319,15920,10715,5097,1399,196,2338,43428,204163,108510,54646,17407,211512
21,3,2103,"岐阜3区",495524,18581,21876,23862,25189,24122,22251,24619,27789,32726,39320,32695,29756,27833,32194,37342,28262,20293,13165,6300,1713,266,5370,64319,286300,139535,69999,21444,293305
21,4,2104,"岐阜4区",398648,14077,17075,18256,17683,14684,15904,18185,21250,24811,28591,25000,24868,25088,28352,32304,23995,19361,14213,7412,2153,335,5051,49408,216064,128125,67469,24113,226733
21,5,2105,"岐阜5区",323574,10430,12960,14215,14869,13486,13356,14675,16886,19546,23153,21317,21112,20895,23100,26207,20031,15875,11414,6007,1593,261,2186,37605,179295,104488,55181,19275,187526
22,1,2201,"静岡1区",462323,16074,18349,19347,20155,21297,22138,23311,26206,29419,35905,32531,29287,27001,29590,33347,27379,20922,14178,6757,1856,292,6982,53770,267250,134321,71384,23083,276685
22,2,2202,"静岡2区",452533,15629,19280,21005,20345,17728,19180,22409,25725,29664,33809,29558,28507,28968,31896,35204,26947,20505,14213,6997,1981,278,2705,55914,255893,138021,70921,23469,267444
22,3,2203,"静岡3区",465839,18434,21404,22514,21214,18737,22163,25569,29134,31853,34398,28380,27909,29339,32675,33508,23175,17789,12869,6973,2009,338,5455,62352,268696,129336,63153,22189,280157
22,4,2204,"静岡4区",373922,11537,14337,15937,16992,15498,15554,17377,19968,23342,28725,25941,23675,22976,26716,30366,24276,17940,11788,5685,1532,229,3531,41811,210048,118532,61450,19234,219772
22,5,2205,"静岡5区",531311,19306,22654,24617,24851,22002,24481,27622,30960,35564,42183,38065,34095,31595,35210,37757,30307,22491,14375,6838,1927,267,4144,66577,311418,149172,76205,23407,321777
22,6,2206,"静岡6区",498671,13767,16709,19389,20029,17047,19074,20816,23314,28866,37122,35233,32401,31721,37558,44813,37279,27616,18449,9201,2558,431,5278,49865,265623,177905,95534,30639,283152
22,7,2207,"静岡7区",384238,13877,17422,18556,18068,15072,15826,18684,22523,25569,28918,24874,23766,23832,26455,28664,21624,16846,12502,6571,2052,319,2218,49855,217132,115033,59914,21444,225519
22,8,2208,"静岡8区",464365,18152,19699,20728,20941,21492,23199,25095,28075,30530,36663,32690,29370,27143,27703,31013,24542,18771,12664,5532,1497,240,8626,58579,275198,121962,63246,19933,281960
23,1,2301,"愛知1区",491530,17180,16414,15965,16881,25060,32093,30701,30828,32379,37639,34267,29962,24760,25170,29330,23438,18618,12638,5636,1337,213,31021,49559,294570,116380,61880,19824,302859
23,2,2302,"愛知2区",506587,20760,23318,22824,22531,25894,24639,26297,31173,34901,40837,35970,30807,25000,25649,30223,24188,18107,12392,5505,1376,222,23974,66902,298049,117662,61790,19495,301167
23,3,2303,"愛知3区",521218,23136,24015,23664,24447,28797,28149,29907,33510,36070,41543,37018,32452,26790,26578,30339,24589,18339,11840,5272,1379,231,13153,70815,318683,118567,61650,18722,320814
23,4,2304,"愛知4区",453514,15779,16388,17297,18260,22151,23857,23877,25788,27627,33300,30014,28245,25315,26976,31847,25085,19080,12949,5635,1562,206,22276,49464,258434,123340,64517,20352,267150
23,5,2305,"愛知5区",426679,15943,15498,15999,16944,22827,27612,26497,26044,27551,32406,28410,25464,21177,22330,26975,22116,17119,11086,4440,1152,175,18914,47440,254932,105393,56088,16853,260318
23,6,2306,"愛知6区",436473,16881,19267,20586,21612,21622,20284,22119,24600,30027,36789,30908,25781,21919,24610,31635,26596,18548,10550,4431,1186,171,6351,56734,255661,117727,61482,16338,258659
23,7,2307,"愛知7区",441147,20124,22107,22057,22495,22753,21725,24417,27901,31128,36699,30584,24584,19928,21215,26065,21673,14754,8863,3862,1032,151,17030,64288,262214,97615,50335,13908,260934
23,8,2308,"愛知8区",535372,21449,24898,25888,26611,28643,27367,29399,32097,36033,42426,35998,31923,28464,30314,35976,28946,20967,12642,5674,1467,223,7967,72235,318961,136209,69919,20006,322664
23,9,2309,"愛知9区",459985,16738,19442,21408,22700,23061,21726,22398,25415,30618,39329,33243,28563,24459,27019,33947,28149,19879,11410,4784,1257,183,4257,57588,271512,126628,65662,17634,275831
23,10,2310,"愛知10区",428056,16315,18360,20020,20682,20302,19803,21356,23713,27989,35891,31289,26662,22222,24600,29590,25020,18849,10880,4366,1071,162,8914,54695,249909,114538,60348,16479,253827
23,11,2311,"愛知11区",484282,19607,22164,23575,26206,28795,28077,28347,30779,33394,39323,33695,28158,24899,26391,30990,22947,14724,8479,3921,1031,162,8618,65346,301673,108645,51264,13593,301858
23,12,2312,"愛知12区",553700,23378,26981,27391,26999,27553,29582,32293,35616,38778,44086,37172,33133,30482,32556,35940,26231,18402,12352,5831,1516,223,7205,77750,335694,133051,64555,19922,341251
23,13,2313,"愛知13区",532581,23904,25352,25920,27205,30185,33614,34848,35159,37293,42883,37674,32138,25408,26418,29755,22497,16205,10349,4508,1135,161,9970,75176,336407,111028,54855,16153,335620
23,14,2314,"愛知14区",359399,13957,16248,17091,17395,16572,17109,18882,21104,23339,27835,23274,21820,20580,22439,26197,20174,15199,10399,5100,1415,234,3036,47296,207910,101157,52521,17148,212954
23,15,2315,"愛知15区",431280,16327,19319,20334,20456,21533,20634,22727,25922,28837,33888,29017,26955,24951,26076,29995,22340,16257,10975,5128,1449,235,7925,55980,254920,112455,56384,17787,260540
23,16,2316,"愛知16区",480612,18345,21089,22940,23478,24446,23845,25030,27720,32761,40315,34222,27883,23484,26338,33306,28372,19653,10765,4532,1072,170,10846,62374,283184,124208,64564,16539,286044
24,1,2401,"三重1区",433682,15468,17881,19460,20002,19772,19110,21333,23641,27563,32753,28642,27443,26521,28231,31630,25036,19872,14455,7174,1844,288,5563,52809,246780,128530,68669,23761,255009
24,2,2402,"三重2区",497672,16853,20023,21885,23186,21370,22131,24056,26723,31169,37318,31989,30414,28460,32078,36352,27532,19885,13426,6682,1747,267,24126,58761,276816,137969,69539,22122,285708
24,3,2403,"三重3区",500506,19000,21874,23115,23717,24430,25734,26571,29391,33863,41056,35016,31588,27609,29710,34612,27058,19274,12314,5504,1500,207,7363,63989,298975,130179,65857,19525,304968
24,4,2404,"三重4区",338394,9882,11981,13668,13916,11190,11421,13399,15865,18397,22792,21748,22788,22965,26407,29550,23873,20132,15241,7675,2189,328,2987,35531,174481,125395,69438,25433,186972
25,1,2501,"滋賀1区",391447,14995,17222,18224,19297,18403,16338,18839,21607,25351,30215,26399,24924,23242,24911,28665,21171,15066,10527,5298,1354,234,9165,50441,224615,107226,53650,17413,230229
25,2,2502,"滋賀2区",532863,20467,24585,25601,26435,25432,24684,27758,31074,35329,38884,33472,31785,31181,34303,36783,27443,20883,15227,7983,2288,397,10869,70653,306034,145307,74221,25895,313902
25,3,2503,"滋賀3区",489300,21329,23987,24959,25618,27203,24240,27032,30770,35140,40048,31901,27503,24677,27282,30822,22583,15482,10041,5013,1352,203,12115,70275,294132,112778,54674,16609,295796
26,1,2601,"京都1区",496239,15501,16755,17011,22100,33847,27841,27525,29024,32243,36390,32591,29421,24794,25623,32168,24551,19197,13847,6538,1866,325,27081,49267,295776,124115,66324,22576,299299
26,2,2602,"京都2区",337742,9964,11489,12044,15867,24880,15914,15264,16721,19946,23938,21716,19001,17057,18721,25528,19941,14849,10552,5084,1517,291,17458,33497,190304,96483,52234,17444,193158
26,3,2603,"京都3区",431278,16025,17031,18314,20179,22784,20356,21547,24265,28148,34626,30064,25649,21865,25042,32437,25409,18058,11993,5396,1517,305,10268,51370,249483,120157,62678,19211,254346
26,4,2604,"京都4区",482594,16594,18753,19807,22923,25141,21361,22532,25488,29543,35865,32009,29541,27002,29878,36535,28324,20666,13818,6683,1784,302,18045,55154,271405,137990,71577,22587,278360
26,5,2605,"京都5区",279126,9757,11142,12014,12716,9160,10459,12091,13675,16222,19996,17280,17078,17496,19358,23819,17944,14418,11371,6505,1949,376,4300,32913,146173,95740,52563,20201,152815
26,6,2606,"京都6区",551108,19832,24252,27180,28957,27866,21626,24249,29543,37019,45872,37584,31993,29366,35422,45299,34605,22636,13900,6195,1658,293,5761,71264,314075,160008,79287,22046,320540
27,1,2701,"大阪1区",533094,19990,18331,16400,16849,33113,46954,44791,42690,40587,41591,35113,29182,23462,23804,26342,19985,15369,10441,4600,1154,188,22158,54721,354332,101883,51737,16383,361287
27,2,2702,"大阪2区",558305,18971,20201,21102,23771,29575,29879,28902,29354,32759,41873,40251,35924,29175,30356,37659,32673,26556,17750,7554,1862,348,21810,60274,321463,154758,86743,27514,328048
27,3,2703,"大阪3区",441322,12882,14032,15288,16528,21637,21602,21138,22520,25487,32400,31128,28385,24814,29069,35767,28486,21913,14038,5902,1526,249,16531,42202,245639,136950,72114,21715,258180
27,4,2704,"大阪4区",495651,19682,18014,17054,17545,25017,34845,36243,36967,37691,41225,34472,28743,23397,24089,27929,21265,16095,11076,4670,1121,170,18341,54750,316145,106415,54397,17037,322689
27,5,2705,"大阪5区",521679,17286,17556,18026,20428,32314,38505,34441,33137,34620,41488,36438,30890,25385,27370,32532,25770,19684,12488,5380,1333,240,16368,52868,327646,124797,64895,19441,334588
27,6,2706,"大阪6区",465221,16881,17450,18704,20647,23816,24238,24713,25491,29708,38811,35208,29431,23156,25461,32571,28621,22053,13127,5169,1249,225,8491,53035,275219,128476,70444,19770,280033
27,7,2707,"大阪7区",473023,20426,21633,20783,22851,26297,23742,25838,29234,32514,38940,34214,27759,22056,23864,29555,23526,17257,10616,4454,1150,185,16129,62842,283445,110607,57188,16405,284458
27,8,2708,"大阪8区",506551,21532,23199,23029,23677,26147,23803,26769,30488,34751,41608,37132,31874,26077,27100,33870,28062,21848,14208,6219,1618,240,3300,67760,302326,133165,72195,22285,305749
27,9,2709,"大阪9区",451956,18081,21437,21895,22607,24233,20298,23031,26376,31208,36910,31676,25947,22667,25372,31578,25072,17257,10607,4943,1331,235,9195,61413,264953,116395,59445,17116,267718
27,10,2710,"大阪10区",383625,14287,15869,17475,17794,18088,16608,18402,21352,25272,31571,27299,22340,19533,22350,28829,25227,17789,10622,4580,1160,167,7011,47631,218259,110724,59545,16529,222815
27,11,2711,"大阪11区",472322,15532,18484,20901,22842,21885,17685,19577,23269,29043,36886,32845,27923,24286,28383,35595,29564,19851,11676,5124,1443,229,29299,54917,256241,131865,67887,18472,261782
27,12,2712,"大阪12区",404277,13796,15524,17370,19601,21351,18131,18214,20033,25520,34528,30996,24582,19885,23900,31367,26835,18086,9763,3643,919,146,10087,46690,232841,114659,59392,14471,237140
27,13,2713,"大阪13区",493940,15413,17465,19391,22930,27417,23878,23333,24919,29457,39766,36488,30684,24717,27522,35835,30727,22381,12880,4900,1339,207,22291,52269,283589,135791,72434,19326,288181
27,14,2714,"大阪14区",505841,17691,20047,21810,25130,26504,22844,23511,25859,30999,40783,37632,32344,26409,30222,38062,32751,23665,14074,5779,1487,223,8015,59548,292015,146263,77979,21563,297107
27,15,2715,"大阪15区",457686,14715,17242,19329,22527,23393,18735,19352,21844,26336,35311,32162,29559,26764,30427,37799,31949,22306,13217,5794,1476,236,7213,51286,255983,143204,74978,20723,263883
27,16,2716,"大阪16区",393482,14998,15693,16643,17461,19552,20083,21309,22119,25833,32458,28078,23734,19180,21438,27485,22720,16773,10383,4649,1163,170,11560,47334,229807,104781,55858,16365,233784
27,17,2717,"大阪17区",395075,13952,16855,19228,20062,18221,16231,17025,20445,25787,33381,27707,22725,19652,24246,31655,26246,18070,10486,4508,1196,209,7188,50035,221236,116616,60715,16399,225420
27,18,2718,"大阪18区",521767,19228,22332,24890,27753,28505,24049,24557,27213,32464,43030,38761,33056,28210,31071,36887,29526,21570,13369,5737,1474,241,7844,66450,307598,139875,71917,20821,310916
27,19,2719,"大阪19区",362868,12071,14576,16827,19818,20130,15846,15878,18172,22326,29359,26079,23003,20156,23205,27415,22713,15886,9814,4252,1047,167,4128,43474,210767,104499,53879,15280,214154
28,1,2801,"兵庫1区",497827,17715,18826,18866,20894,27291,24231,25571,28656,32203,38471,34087,29555,25174,25160,29266,22177,17127,12895,6225,1591,243,41603,55407,286133,114684,60258,20954,290399
28,2,2802,"兵庫2区",457231,13423,15900,18512,19383,20395,19423,19864,22481,26470,34256,30802,28223,26283,29452,35574,28760,21406,14546,6610,1950,305,23213,47835,247580,138603,73577,23411,257649
28,3,2803,"兵庫3区",374021,13290,15469,15677,16136,15087,13514,16528,19755,22634,27279,24400,22457,21299,23603,29117,23787,17820,12120,5408,1456,216,16969,44436,199089,113527,60807,19200,206556
28,4,2804,"兵庫4区",503012,16195,20318,22906,24524,22360,20137,22381,25894,30834,37481,32806,31968,32354,36791,39707,29462,20302,14624,7447,2099,353,12069,59419,280739,150785,74287,24523,293006
28,5,2805,"兵庫5区",447800,14628,19026,20728,20529,16506,15917,18746,22724,26301,30780,28886,30226,32266,35076,36299,27151,20730,16523,9009,2635,469,2645,54382,242881,147892,76517,28636,257428
28,6,2806,"兵庫6区",527080,20856,23227,24353,25268,24598,21647,24963,29238,35234,44519,40080,33544,28001,30359,37838,31739,23749,15155,6744,1828,327,3813,68436,307092,147739,79542,24054,312183
28,7,2807,"兵庫7区",536705,21366,24265,25789,27858,26632,23073,26070,30954,36935,46019,41660,34395,28287,28545,34606,26353,19742,13496,6236,1582,255,12587,71420,321883,130815,67664,21569,322570
28,8,2808,"兵庫8区",459593,16168,15698,16112,16959,19542,22334,22795,24377,27404,33568,30731,26216,22390,25403,31323,25927,19207,11768,4966,1305,214,45186,47978,246316,120113,63387,18253,254760
28,9,2809,"兵庫9区",430941,17916,18819,18444,18492,17327,19331,22452,24857,27509,32276,28944,26446,24639,27923,33107,25182,18578,13416,6674,1821,306,6482,55179,242273,127007,65977,22217,251704
28,10,2810,"兵庫10区",412472,15125,18199,19321,20054,19250,18885,20826,23465,27181,33186,27717,24494,23114,27537,32297,25285,16319,9910,4261,1059,136,4851,52645,238172,116804,56970,15366,245655
28,11,2811,"兵庫11区",486958,19541,21964,23056,23770,24035,24009,25287,28107,32184,39734,33845,30087,26263,28019,33303,26697,18987,12600,5486,1504,218,8262,64561,287321,126814,65492,19808,291570
28,12,2812,"兵庫12区",331362,10252,13323,14932,15272,12622,11713,14090,16772,19815,23918,20287,20405,21490,25926,29142,21868,15757,11404,5685,1716,262,4711,38507,176384,111760,56692,19067,187038
29,1,2901,"奈良1区",466384,15762,19045,20512,22286,22075,17658,20193,24380,29041,36672,32708,29141,27292,30950,37426,29838,21054,13699,6673,1827,309,7843,55319,261446,141776,73400,22508,270110
29,2,2902,"奈良2区",451842,16295,19079,20662,23932,21418,18549,20833,23913,27895,34465,30603,27485,25876,30345,35916,28867,20114,13107,6131,1768,257,4332,56036,254969,136505,70244,21263,261382
29,3,2903,"奈良3区",406247,12114,14523,16279,17845,17580,16595,17860,19869,23210,28343,26524,26818,26616,30646,34634,27498,20749,13770,6783,1922,293,5776,42916,221260,136295,71015,22768,234061
30,1,3001,"和歌山1区",469512,16849,19216,20123,20943,20415,20686,23028,25316,28914,36246,32373,30701,28492,30957,36686,29286,21402,14676,7022,1918,301,3962,56188,267114,142248,74605,23917,277128
30,2,3002,"和歌山2区",453072,13623,16840,18709,19007,14679,15933,18668,21736,25425,31060,28424,30112,31546,35576,39605,30738,24618,19200,10209,2880,426,4058,49172,236590,163252,88071,32715,253159
31,1,3101,"鳥取1区",277037,10031,11627,12233,13045,11414,10766,12976,15495,17444,18597,15955,17022,18924,21383,20944,14478,12396,10256,5941,1761,312,4037,33891,151638,87471,45144,18270,159976
31,2,3102,"鳥取2区",276370,10563,11779,12097,11905,10022,11176,12771,15293,17332,19396,16169,16326,17974,20354,21890,16065,13064,10346,5727,1821,308,3992,34439,148364,89575,47331,18202,156813
32,1,3201,"島根1区",312233,11234,13147,13595,14422,12318,12270,13874,16418,18772,21228,18313,18595,19941,22661,25029,17788,15224,12839,6949,2181,376,5059,37976,166151,103047,55357,22345,174390
32,2,3202,"島根2区",358893,13162,14957,15546,15391,11861,14338,16380,18697,21737,23477,20006,20868,23750,27424,30277,21226,18321,15708,8651,2747,480,3889,43665,186505,124834,67133,27586,198538
33,1,3301,"岡山1区",414013,15246,16810,17071,20492,24721,20992,21061,23335,26394,30410,25264,23285,22586,23887,28059,21939,16075,12727,6583,1884,311,14881,49127,238540,111465,59519,21505,241935
33,2,3302,"岡山2区",502747,19573,21769,22900,23997,22861,23327,25214,28478,32186,38975,31736,29378,28868,31506,38227,29723,20860,15329,7553,2135,366,7786,64242,285020,145699,75966,25383,292529
33,3,3303,"岡山3区",484712,15916,18872,20682,21905,18809,18276,21119,24055,27723,31863,27636,28093,32553,36712,41164,30772,25661,21326,11971,3635,621,5348,55470,252032,171862,93986,37553,266839
33,4,3304,"岡山4区",486960,18481,20607,21425,22037,21669,21368,23199,25592,28864,35719,28516,24954,24884,27832,33945,27267,18825,12963,6163,1672,298,40680,60513,256802,128965,67188,21096,262597
34,1,3401,"広島1区",501230,20312,21711,21303,21542,23558,26976,28775,30815,34350,41365,35632,31419,26990,27757,32467,24856,17623,12171,5931,1753,292,13632,63326,301422,122850,62626,20147,307637
34,2,3402,"広島2区",470287,18730,21137,21022,21099,20158,21586,24427,27264,30754,36134,30505,28128,27297,30089,33513,24167,17008,11999,6268,1873,306,16823,60889,267352,125223,61621,20446,276342
34,3,3403,"広島3区",513053,20401,24201,25888,26439,24043,23153,25104,28845,34570,42041,34509,28667,27157,30711,37751,29171,20363,13706,7137,2280,425,6491,70490,294528,141544,73082,23548,298800
34,4,3404,"広島4区",487115,16412,19640,20941,23569,26482,21774,22893,25234,29204,35217,30367,27750,27311,31162,39723,31886,22660,16144,8041,2467,454,7784,56993,269801,152537,81652,27106,277394
34,5,3405,"広島5区",367087,11019,14035,15271,14926,12374,13508,15389,17853,20606,24711,21122,21357,24722,29234,32928,25178,20215,16963,9612,3000,480,2584,40325,186568,137610,75448,30055,200876
34,6,3406,"広島6区",460930,18229,20915,21511,20801,20464,21949,23941,26420,30144,35478,28868,25960,26358,30457,34111,26584,19094,13052,6528,1999,342,7725,60655,260383,132167,67599,21921,270039
35,1,3501,"山口1区",470515,17271,19798,20431,22677,22564,19616,22375,25832,29692,34187,28782,27117,28080,32306,37693,27051,21087,16136,8091,2423,430,6876,57500,260922,145217,75218,27080,270551
35,2,3502,"山口2区",452720,14880,17355,19207,18765,15013,17462,19267,22261,26695,33289,27997,25995,28364,33287,39926,32172,23702,17516,8803,2751,456,7557,51442,235108,158613,85400,29526,249630
35,3,3503,"山口3区",418824,12295,15428,16943,17110,15671,14693,16520,20523,24056,28081,24794,24642,27872,34512,39289,28969,23514,17966,8846,2613,418,4069,44666,213962,156127,82326,29843,231364
36,1,3601,"徳島1区",421455,13243,15001,15913,17198,16656,15709,18144,21216,24020,28205,24638,25184,26287,30161,33777,24505,19835,15178,7832,2233,327,26193,44157,217257,133848,69910,25570,230220
36,2,3602,"徳島2区",298104,9408,11430,12134,12144,10222,10603,12941,15987,18677,20651,17905,18078,21192,25362,26374,17473,14619,12156,6522,1740,252,2234,32972,158400,104498,52762,20670,171618
37,1,3701,"香川1区",371090,14114,15717,16320,16387,14449,16143,18634,21405,24944,28970,23861,21381,21102,23007,27038,19009,14735,11164,5854,1661,309,14886,46151,207276,102777,52732,18988,213896
37,2,3702,"香川2区",297585,9329,11498,12709,13242,10983,11023,12644,15062,18460,21962,18177,17354,19301,22333,27266,19162,14363,11115,5799,1624,284,3895,33536,158208,101946,52347,18822,167299
37,3,3703,"香川3区",281569,9959,11784,12327,12906,11043,11981,13453,15161,17935,19888,16377,16179,17649,20216,23772,16295,13337,10625,5681,1603,281,3117,34070,152572,91810,47822,18190,159882
38,1,3801,"愛媛1区",511192,18229,21222,22229,23861,22832,21999,24465,28198,32734,38252,32258,30854,30745,33100,35834,26221,19563,14587,7759,2158,352,23740,61680,286198,139574,70640,24856,295437
38,2,3802,"愛媛2区",461664,15203,18205,19927,18479,15284,18557,21296,24363,28023,33392,27804,28032,28770,34091,39826,29178,22863,17081,9043,2743,491,9013,53335,244000,155316,81399,29358,259612
38,3,3803,"愛媛3区",361985,10486,13477,14786,14065,10218,11175,13705,17316,20499,23428,21373,23101,26660,31068,33824,24104,21300,16812,9285,2588,408,2307,38749,181540,139389,74497,29093,198543
39,1,3901,"高知1区",364016,12372,14084,14783,15793,14312,14125,15951,19443,23034,26355,21917,22565,22703,25587,29787,22188,17112,13917,7599,2313,403,7673,41239,196198,118906,63532,24232,205992
39,2,3902,"高知2区",327511,9537,11349,12821,13606,10706,10754,12563,15745,18756,22406,19077,20001,22388,26317,30303,22259,17992,14745,8294,2547,424,4921,33707,166002,122881,66261,26010,178713
40,1,4001,"福岡1区",541619,22735,21206,20280,23971,37321,40304,38157,37439,37758,40195,33410,28223,25341,26433,27298,18879,14006,9753,4831,1401,255,32423,64221,342119,102856,49125,16240,344581
40,2,4002,"福岡2区",558742,22040,23225,22205,23930,33145,34940,34895,38533,41400,43214,36920,32187,28471,29278,30294,20600,15724,11200,5400,1488,222,29431,67470,347635,114206,54634,18310,352983
40,3,4003,"福岡3区",548397,23531,27218,27528,27993,29741,23530,27099,34032,38506,41667,35276,31815,30650,33664,35158,24879,18398,13090,6469,2008,329,15816,78277,320309,133995,65173,21896,325980
40,4,4004,"福岡4区",489902,23651,26673,26081,23515,21080,21430,26978,32817,35640,37348,29118,26060,28136,31868,33543,23697,17178,11775,6150,1702,291,5171,76405,282122,126204,60793,19918,290475
40,5,4005,"福岡5区",551051,24191,27630,28577,28190,25141,23332,27750,33704,38852,42743,36211,32266,32083,35941,37883,26258,19594,13353,6614,1820,311,8607,80398,320272,141774,67950,22098,328023
40,6,4006,"福岡6区",452986,17457,19787,20012,20734,20412,18893,20693,24380,27533,30151,27168,25993,26817,30648,31904,23547,18652,13389,6507,1944,348,26017,57256,242774,126939,64387,22188,252688
40,7,4007,"福岡7区",341021,11980,13892,14744,15402,13041,12959,14867,17464,19487,21209,20333,21020,23578,27291,28656,20721,18029,13754,7040,2161,335,3058,40616,179360,117987,62040,23290,191249
40,8,4008,"福岡8区",411207,15058,17425,17990,18350,17441,16554,18841,22168,24638,26691,22324,22576,26405,33695,35880,25624,20609,15245,7872,2402,428,2991,50473,215988,141755,72180,25947,231333
40,9,4009,"福岡9区",452752,15892,18552,19488,20648,20711,18795,20102,23516,26785,31622,27835,26611,27056,31324,34922,27583,21787,15513,7404,2073,364,14169,53932,243681,140970,74724,25354,254357
40,10,4010,"福岡10区",486277,17422,18665,19571,20807,21270,21041,22148,25706,29595,33914,30149,27881,27608,32274,37130,28304,21830,15752,7504,2054,359,25293,55658,260119,145207,75803,25669,271586
40,11,4011,"福岡11区",301260,10931,13096,13446,13399,11961,11746,13450,15936,17505,20027,16985,16478,19487,24202,26139,18916,15422,11156,5538,1631,245,3564,37473,156974,103249,52908,18570,167777
41,1,4101,"佐賀1区",406889,16431,18598,19499,20386,19033,17753,19907,23390,25986,27902,24707,23840,24863,28009,27729,20588,16299,12108,6303,1741,303,11514,54528,227767,113080,57342,20455,235390
41,2,4102,"佐賀2区",404553,15671,18293,19749,18770,14410,15765,18347,21979,24202,24986,23087,25371,28895,33598,31480,21675,19361,15431,8433,2595,408,2047,53713,215812,132981,67903,26867,230640
42,1,4201,"長崎1区",409118,14020,15975,16776,18038,17146,16392,18590,20860,23532,28218,25845,26759,28155,32863,32971,22850,19602,14469,7296,2211,342,6208,46771,223535,132604,66770,24318,238360
42,2,4202,"長崎2区",479582,19468,22215,23304,22096,15873,18151,22063,26144,29313,32193,29854,31033,34245,37692,36342,26029,22607,17162,8855,2736,413,1794,64987,260965,151836,77802,29166,276561
42,3,4203,"長崎3区",423617,15630,18102,18813,17794,14648,15885,18694,22175,24241,26583,25191,26365,30001,35384,35015,24925,22000,16867,8702,2606,414,3582,52545,221577,145913,75514,28589,239167
43,1,4301,"熊本1区",516859,21182,22769,23614,26642,27889,25436,26853,30451,33995,37328,32919,31881,31361,32143,32387,22965,18483,13819,6853,1998,294,15597,67565,304755,128942,64412,22964,310256
43,2,4302,"熊本2区",375868,15661,17393,17371,17395,15346,15520,18391,21700,23194,24396,21660,22092,24280,27931,27999,20461,17638,13380,7133,2204,424,4299,50425,203974,117170,61240,23141,214510
43,3,4303,"熊本3区",376435,16626,19257,19192,16583,13192,15199,18927,22238,23791,23416,20388,22142,25068,28987,28148,19299,17506,13968,7605,2467,416,2020,55075,200944,118396,61261,24456,213348
43,4,4304,"熊本4区",469139,15572,19124,20605,18751,13400,15608,18845,22665,25393,27205,26877,30426,35355,40703,39780,29883,27372,22152,12019,3546,575,3283,55301,234525,176030,95547,38292,256477
44,1,4401,"大分1区",463837,19086,21193,21990,21997,20379,21119,23992,27726,32175,35156,28765,26979,28178,31114,32587,23067,16577,11776,5951,1728,242,12060,62269,266466,123042,59341,19697,275583
44,2,4402,"大分2区",303269,8966,11076,12359,11393,8411,9452,11310,14063,16707,17924,16389,18407,22102,26786,28880,21395,19160,15681,8580,2433,407,1388,32401,146158,123322,67656,27101,161551
44,3,4403,"大分3区",356746,11939,13828,14835,15316,13982,13433,15601,18097,20662,22632,20415,20570,23195,26817,29616,22661,18651,14716,7707,2312,348,9413,40602,183903,122828,66395,25083,195404
45,1,4501,"宮崎1区",426671,17102,19530,20247,19809,17400,17482,20583,24222,28025,30710,26231,25921,27054,29841,30833,21373,16768,12635,6389,1878,309,12329,56879,237437,120026,59352,21211,247469
45,2,4502,"宮崎2区",319057,11501,13743,14888,13608,10312,11325,13307,16197,18808,20108,17822,19617,22699,26594,27132,19169,16985,13260,7032,1987,344,2619,40132,163803,112503,58777,22623,176789
45,3,4503,"宮崎3区",323848,12582,14780,15400,13930,10119,11944,14314,17700,19068,19089,17220,19753,23878,26827,25832,18593,17113,14010,7232,2020,387,2057,42762,167015,112014,59355,23649,179912
46,1,4601,"鹿児島1区",424890,15342,17497,18488,19284,18441,16878,18962,22943,26158,28301,25143,25026,26426,29031,28481,20895,16730,12822,6570,1911,316,29245,51327,227562,116756,59244,21619,237309
46,2,4602,"鹿児島2区",398675,15856,18349,18861,17159,11713,14013,17964,22019,23453,23525,22292,24959,30528,34142,29561,20759,18007,14738,8403,2651,471,9252,53066,207625,128732,65029,26263,224608
46,3,4603,"鹿児島3区",378178,14336,17073,17634,16909,11623,13601,16554,19959,21440,22645,21300,23485,27380,31646,30110,21890,19862,16073,9113,2867,486,2192,49043,194896,132047,70291,28539,209633
46,4,4604,"鹿児島4区",386513,15389,18109,18447,15825,12461,14288,17609,21029,22144,22538,21916,25091,29210,31653,28913,20201,20539,16267,8069,2319,395,4101,51945,202111,128356,67790,27050,217939
47,1,4701,"沖縄1区",329331,14530,16528,16892,16681,15455,16340,18397,20116,21785,24937,22538,20420,19463,20974,17313,12221,11870,8159,3860,994,208,9650,47950,196132,75599,37312,13221,200425
47,2,4702,"沖縄2区",373853,19829,21551,21628,21006,20177,19615,21335,23758,25344,28022,24167,21854,21187,22224,17464,12388,11628,7678,3432,1042,258,8266,63008,226465,76114,36426,12410,227683
47,3,4703,"沖縄3区",396314,20896,22185,22376,22007,19622,20202,21996,24025,25611,27654,23825,23521,25151,26280,21104,13772,13125,9277,4996,1538,405,6746,65457,233614,90497,43113,16216,237887
47,4,4704,"沖縄4区",367982,22079,23153,21599,18099,14875,18126,21861,25203,24989,25021,21187,21619,23963,24893,18897,12571,11750,8351,4330,1396,310,3710,66831,214943,82498,38708,14387,221737
