"ken","kuno","kucode","kuname","就業者数_0_総数","就業者数_A_管理的職業従事者","就業者数_B_専門的・技術的職業従事者","就業者数_C_事務従事者","就業者数_D_販売従事者","就業者数_E_サービス職業従事者","就業者数_F_保安職業従事者","就業者数_G_農林漁業従事者","就業者数_H_生産工程従事者","就業者数_I_輸送・機械運転従事者","就業者数_J_建設・採掘従事者","就業者数_K_運搬・清掃・包装等従事者","就業者数_L_分類不能の職業"
1,1,101,"北海道1区",115340,5165,26576,19183,18907,10791,6071,631,6975,5125,6347,6256,3313
1,2,102,"北海道2区",125095,3746,21256,18452,19519,9732,4082,749,12489,8686,13413,9226,3745
1,3,103,"北海道3区",122194,3951,20697,23478,18095,10389,4381,742,10298,8262,9993,8490,3418
1,4,104,"北海道4区",112789,3931,15753,17982,11575,9305,4360,5421,12814,9867,10193,8838,2750
1,5,105,"北海道5区",125912,3620,17235,17892,12871,8442,14166,3901,15543,9672,8952,10386,3232
1,6,106,"北海道6区",120521,4582,15366,17098,9872,9579,9570,9996,13113,9160,10920,8775,2490
1,7,107,"北海道7区",75924,3052,8234,9855,6182,4916,3711,10362,9315,6550,7041,5125,1581
1,8,108,"北海道8区",99476,3320,12557,11073,9871,8199,4812,8462,12158,8401,10739,7249,2635
1,9,109,"北海道9区",115067,4094,13324,13287,8781,7311,4453,10537,21133,10221,10985,8547,2394
1,10,110,"北海道10区",81506,3202,9193,9712,6093,5401,5226,11081,10485,6750,7143,5648,1572
1,11,111,"北海道11区",86814,2854,10115,10532,7395,5299,4394,12589,11001,6659,7006,5934,3036
1,12,112,"北海道12区",89352,3732,9514,11276,6633,5823,4995,14222,10493,7005,7984,6025,1650
2,1,201,"青森1区",100262,2983,11213,14779,10917,6931,7511,6491,10674,8072,11285,7326,2080
2,2,202,"青森2区",120082,3737,12315,13060,10585,6740,7807,11356,19641,10472,13510,8863,1996
2,3,203,"青森3区",101938,2617,10564,10181,8465,6886,4010,19501,13552,6606,10405,6630,2521
3,1,301,"岩手1区",91765,3438,15158,16325,11683,6603,2948,4008,9513,6229,7280,6435,2145
3,2,302,"岩手2区",115645,3990,10776,11926,8194,6813,4171,16170,18370,10477,15678,7761,1319
3,3,303,"岩手3区",122836,3999,12303,13998,8742,6351,2553,14217,30848,8951,10277,8539,2058
4,1,401,"宮城1区",132073,4747,28391,26650,19417,10860,3612,1191,9746,6478,9634,7966,3381
4,2,402,"宮城2区",141421,4699,23263,29862,19921,9042,5995,1391,13677,8637,11426,9867,3641
4,3,403,"宮城3区",88564,2576,9890,11981,7586,4768,3030,5254,18389,7235,8929,6854,2072
4,4,404,"宮城4区",122531,3746,13240,14756,12362,6735,6062,6080,21265,12212,14114,9563,2396
4,5,405,"宮城5区",114800,3691,11013,11925,8731,6283,3060,13943,22786,9614,12801,7766,3187
5,1,501,"秋田1区",76362,2596,11738,12255,10189,5524,3559,1678,9686,4812,6600,5523,2202
5,2,502,"秋田2区",73623,2651,6957,8212,5219,4540,2305,8628,13946,5781,8819,5766,799
5,3,503,"秋田3区",101066,3385,10717,11527,6803,6142,2353,14128,20824,6437,10980,6745,1025
6,1,601,"山形1区",95172,3426,13080,13432,12040,6343,3001,5574,17017,5041,7311,6740,2167
6,2,602,"山形2区",105945,3823,10795,11479,7844,6015,3781,11896,26402,5753,9663,6543,1951
6,3,603,"山形3区",91688,3318,9502,9286,7819,5694,2202,11066,19232,6338,9995,5887,1349
7,1,701,"福島1区",123312,3919,14569,17443,11500,6984,4899,8426,24036,7894,11394,8657,3591
7,2,702,"福島2区",138169,4331,15664,15732,15960,7429,3839,8022,28006,9843,14451,9797,5095
7,3,703,"福島3区",107425,3250,11013,11889,8446,7132,2559,10619,25889,6616,10210,7247,2555
7,4,704,"福島4区",119438,4578,14993,15277,8694,6060,3505,4622,23752,10272,15460,9237,2988
8,1,801,"茨城1区",132454,3587,18926,18207,15028,8063,4062,6627,25789,8771,10866,8740,3788
8,2,802,"茨城2区",102843,2609,9577,10757,6590,4870,3257,11305,23990,9485,10072,6930,3401
8,3,803,"茨城3区",117630,3067,18917,19694,10658,7001,4775,5164,21283,7440,7510,8886,3235
8,4,804,"茨城4区",85009,1822,13899,10877,7327,4646,3074,4618,18770,5475,6861,5644,1996
8,5,805,"茨城5区",72619,1974,13473,10285,5026,3727,1532,1642,19997,4263,5040,4220,1440
8,6,806,"茨城6区",145091,3436,31075,20048,14649,8043,4461,6478,25711,8178,8789,9950,4273
8,7,807,"茨城7区",114259,2827,9522,12734,8132,5160,2254,8058,32948,10146,9694,8982,3802
9,1,901,"栃木1区",127330,3404,25693,17499,15544,7056,4474,3136,24868,5947,8006,7716,3987
9,2,902,"栃木2区",84118,2043,11765,10637,6117,5531,1962,5878,20606,5156,6818,5930,1675
9,3,903,"栃木3区",76849,2365,9304,8646,5167,5402,1669,7468,18379,4349,6108,5315,2677
9,4,904,"栃木4区",119780,2844,16514,14168,10628,5596,2579,7893,31776,7741,8367,8697,2977
9,5,905,"栃木5区",113309,3657,12907,14308,9320,6570,2023,4367,32328,8989,8107,8799,1934
10,1,1001,"群馬1区",107747,3304,16529,15068,10760,7527,3071,7012,19253,5749,9383,7675,2416
10,2,1002,"群馬2区",109690,3155,13389,12859,10155,6552,2174,3786,31160,7200,7907,8087,3266
10,3,1003,"群馬3区",112677,2860,14079,13230,9312,5607,1743,4306,37539,7119,5938,8142,2802
10,4,1004,"群馬4区",94399,3028,14446,13373,12361,6308,2329,2514,19641,4862,6952,6347,2238
10,5,1005,"群馬5区",102068,2708,11187,10925,8551,7757,3204,7889,23504,5926,9879,7770,2768
11,1,1101,"埼玉1区",112746,3789,24456,22910,19795,7012,3237,1168,9617,4690,6784,6392,2896
11,2,1102,"埼玉2区",127174,3674,22564,19714,19126,8964,2879,590,16959,7486,11741,9085,4392
11,3,1103,"埼玉3区",119318,3228,19653,18865,18525,7926,3454,1189,14963,8004,10297,9380,3834
11,4,1104,"埼玉4区",121117,3139,24637,21680,17067,7879,6027,966,11894,6030,9863,8217,3718
11,5,1105,"埼玉5区",117589,3638,24820,24764,19613,7292,4855,589,11057,4707,6468,6701,3085
11,6,1106,"埼玉6区",128443,3180,20659,21366,18076,8492,4304,1948,19653,7572,8735,10996,3462
11,7,1107,"埼玉7区",114156,2732,20523,17751,15009,7951,3625,1954,17398,6629,8272,9073,3239
11,8,1108,"埼玉8区",121361,3291,24240,20343,16853,8552,4719,1808,14461,6579,8396,8899,3220
11,9,1109,"埼玉9区",122558,2937,18243,17081,12601,8334,6358,2444,22979,8850,9282,10622,2827
11,10,1110,"埼玉10区",100531,2424,14857,13302,10450,6745,3225,2779,21006,6583,7049,9203,2908
11,11,1111,"埼玉11区",109610,2692,12323,13244,9208,7157,2653,6634,28054,7593,8195,8834,3023
11,12,1112,"埼玉12区",119071,2868,15328,16719,11858,6889,4155,4328,25987,8553,8263,10784,3339
11,13,1113,"埼玉13区",116017,2756,16928,19020,13262,6912,3714,2647,19933,8368,8669,10111,3697
11,14,1114,"埼玉14区",124988,3228,18484,17985,17534,7739,2894,989,18822,9982,11948,10692,4691
11,15,1115,"埼玉15区",131663,3680,27189,26073,20582,9050,3315,446,13184,6431,8855,8645,4213
11,16,1116,"埼玉16区",112234,2709,15486,16012,14128,7275,3407,1834,17748,9169,9925,10539,4002
12,1,1201,"千葉1区",123649,3730,26324,24288,18593,8532,4059,543,12351,6564,6666,8626,3373
12,2,1202,"千葉2区",93093,2565,17068,16983,13965,6224,3052,951,10382,5764,5919,7305,2915
12,3,1203,"千葉3区",102324,2610,15577,15010,10084,5962,3418,2023,19824,7460,9668,6696,3992
12,4,1204,"千葉4区",126954,3788,26967,25100,20610,8614,3194,1331,10514,6391,7466,8915,4064
12,5,1205,"千葉5区",135673,4601,31100,30462,21727,9600,2561,333,8929,6448,6189,8889,4834
12,6,1206,"千葉6区",124974,3522,24968,21894,19473,9697,4089,1022,11871,6786,8439,9160,4053
12,7,1207,"千葉7区",89285,2394,16671,15168,12625,5334,2391,1221,11908,5807,6079,7029,2658
12,8,1208,"千葉8区",105408,3013,21411,18827,16364,7476,4350,1280,10162,5373,6646,7779,2727
12,9,1209,"千葉9区",117564,3349,17555,18363,13957,7718,5038,3069,15463,9032,10573,9815,3632
12,10,1210,"千葉10区",106179,2976,10410,14111,7991,6217,3969,11029,19471,8586,8288,9886,3245
12,11,1211,"千葉11区",105287,2822,11350,13351,8897,7423,3822,8573,18938,8288,10483,8294,3046
12,12,1212,"千葉12区",118738,2716,14705,14327,8833,8325,5494,7287,23307,10131,11164,8644,3805
12,13,1213,"千葉13区",123499,3418,20885,22930,14940,8202,4879,3937,14068,8130,8234,10396,3480
12,14,1214,"千葉14区",126122,3371,25213,27285,16723,8927,5444,975,11060,6773,7161,9390,3800
13,1,1301,"東京1区",81797,5517,25460,17430,11404,5764,3329,86,2843,1143,1637,3304,3880
13,2,1302,"東京2区",93324,6470,25433,19276,17092,6797,1426,56,5139,1785,2178,3641,4031
13,3,1303,"東京3区",114496,5185,31154,23761,17351,7814,2647,1288,6636,3855,4678,6429,3698
13,4,1304,"東京4区",132603,4043,28658,23095,19966,8694,2788,223,13991,7428,6829,10934,5954
13,5,1305,"東京5区",98521,6713,29882,20986,16303,6713,2002,318,3940,2245,2564,3870,2985
13,6,1306,"東京6区",106438,5649,30953,22599,17815,7533,1947,567,4600,2995,3848,4769,3163
13,7,1307,"東京7区",97148,9665,31476,20096,14644,6279,2080,75,2950,1494,1658,3104,3627
13,8,1308,"東京8区",104748,5276,31601,23570,16872,7265,2274,300,4615,2347,3202,4604,2822
13,9,1309,"東京9区",82746,3273,20578,15952,13518,5782,1957,489,5175,3600,5238,4762,2422
13,10,1310,"東京10区",118835,6344,38894,28681,15024,8023,2295,143,5445,2207,3083,5178,3518
13,11,1311,"東京11区",102865,3410,24227,19021,15976,8031,2581,201,8038,4706,5896,6620,4158
13,12,1312,"東京12区",103527,3044,24220,20766,15210,7547,3395,108,7794,4907,4926,7142,4468
13,13,1313,"東京13区",102844,2855,19387,16456,15625,7958,2984,200,10036,7261,7595,8084,4403
13,14,1314,"東京14区",118794,4230,26181,20685,20143,9100,2843,186,11318,5498,6434,7946,4230
13,15,1315,"東京15区",128479,5204,30792,27441,21348,8106,2768,121,8375,5994,4963,8209,5158
13,16,1316,"東京16区",120297,3350,21882,20088,19597,8114,2474,363,11352,9132,9124,9569,5252
13,17,1317,"東京17区",107828,3095,20869,17883,16620,8470,3350,284,11468,6621,7142,8239,3787
13,18,1318,"東京18区",111977,4243,31463,24782,16727,8083,3151,767,6615,3090,4547,5665,2844
13,19,1319,"東京19区",92235,2900,26569,18107,13016,6203,3167,848,6896,2719,4297,5044,2469
13,20,1320,"東京20区",113497,2958,21806,18493,14088,8661,4541,1421,12186,6680,9785,9231,3647
13,21,1321,"東京21区",114145,2928,28432,20302,14842,8740,5293,1001,10805,4971,6002,7644,3185
13,22,1322,"東京22区",119941,4364,33520,24262,17977,8703,2722,1098,7223,4191,5887,6579,3415
13,23,1323,"東京23区",101099,3229,24574,16933,14281,7449,3004,1018,9352,5017,6567,6594,3081
13,24,1324,"東京24区",106136,2907,22524,16292,12830,8699,3324,1052,13507,5863,7611,8436,3091
13,25,1325,"東京25区",121033,3000,19803,16754,12351,9500,4794,1945,21155,7606,9231,10759,4135
13,26,1326,"東京26区",117092,7314,34402,25133,18492,7439,2454,285,6417,2916,3422,5236,3582
13,27,1327,"東京27区",101919,3932,29793,21771,15972,8367,2330,167,4851,2710,3730,5400,2896
13,28,1328,"東京28区",88951,3078,23341,18272,14181,6084,3660,269,4915,3097,4572,4819,2663
13,29,1329,"東京29区",99939,3217,19335,15558,15243,7670,2498,245,10764,6161,7253,7562,4433
13,30,1330,"東京30区",123987,3562,32364,22481,16784,8702,4878,1152,10229,5195,7270,7860,3510
14,1,1401,"神奈川1区",125100,4636,28059,22335,16395,9279,4295,499,13546,7295,5981,8823,3957
14,2,1402,"神奈川2区",126885,4019,30003,22931,17544,9336,4020,384,11778,6493,7898,8635,3844
14,3,1403,"神奈川3区",141855,4051,33731,24296,19636,8901,2887,575,16283,7602,9717,9598,4578
14,4,1404,"神奈川4区",90371,3811,23536,16521,12698,6496,2726,828,8770,3601,4282,4977,2125
14,5,1405,"神奈川5区",110072,3076,25737,19722,15425,7099,2935,971,12160,5602,7626,6820,2899
14,6,1406,"神奈川6区",109043,3087,23955,18382,14992,7792,3452,609,11152,6550,8454,7756,2862
14,7,1407,"神奈川7区",93131,3139,26861,18872,15477,5305,1493,474,7892,2892,4179,4393,2154
14,8,1408,"神奈川8区",123671,5000,32809,24540,20764,7787,2324,845,9872,4518,6022,6357,2833
14,9,1409,"神奈川9区",99287,2972,28913,19480,14268,6806,2020,774,7509,3488,5308,5255,2494
14,10,1410,"神奈川10区",110383,2611,25085,17096,13036,6419,2007,251,14466,7464,8615,8801,4532
14,11,1411,"神奈川11区",110795,2451,15890,14845,9617,8210,15313,2408,14748,7461,8855,7883,3114
14,12,1412,"神奈川12区",125466,3538,28622,19344,16477,8644,3485,1603,18427,5857,7950,7946,3573
14,13,1413,"神奈川13区",106244,2322,19864,15283,13562,7290,4444,867,15724,6771,8606,8321,3190
14,14,1414,"神奈川14区",123565,2891,21016,17372,13207,8271,3781,1355,22116,8987,9974,10821,3774
14,15,1415,"神奈川15区",129199,3765,25286,20106,15415,9287,4123,1861,21062,7043,8068,9560,3623
14,16,1416,"神奈川16区",121748,2875,26660,19500,11775,7362,3262,2005,20049,8051,7332,9534,3343
14,17,1417,"神奈川17区",134928,3576,23176,19259,12773,12207,4077,3936,23037,8054,9451,11730,3652
14,18,1418,"神奈川18区",133776,3493,39738,26549,20549,8027,2555,452,11269,4501,6339,6639,3665
14,19,1419,"神奈川19区",113794,4404,27847,21927,20116,6741,1784,1038,9759,4709,6731,5975,2763
14,20,1420,"神奈川20区",100708,2342,23099,16421,12425,7091,3431,702,12516,5297,7043,7375,2966
15,1,1501,"新潟1区",110794,4114,17207,17937,14575,7959,4013,4387,14786,7057,9208,7417,2134
15,2,1502,"新潟2区",128048,4168,15863,16617,13913,7932,2953,6797,29745,7697,9518,9652,3193
15,3,1503,"新潟3区",119409,3436,12150,12473,10379,6942,3701,8859,26275,10059,13976,8672,2487
15,4,1504,"新潟4区",115494,4371,16276,14881,10326,7012,2412,5028,27375,7504,10523,7933,1853
15,5,1505,"新潟5区",117111,3974,12966,12641,8949,8484,3888,9070,25253,8248,13806,7976,1856
16,1,1601,"富山1区",88579,3208,13949,10834,11740,5574,2222,1788,19460,4572,7241,5982,2009
16,2,1602,"富山2区",80327,2229,10202,8771,6437,3947,1839,3988,23504,4747,7481,5720,1462
16,3,1603,"富山3区",117620,3914,14565,14185,11198,5882,2630,4913,31851,7498,9916,8715,2353
17,1,1701,"石川1区",118377,4022,20615,14882,18880,9173,3601,1785,18270,5883,9762,8191,3313
17,2,1702,"石川2区",109167,3321,13477,12774,10528,6528,3769,3065,31174,5872,9152,8087,1420
17,3,1703,"石川3区",72987,2226,8286,8149,6058,4816,2416,5310,16049,5607,7710,5443,917
18,1,1801,"福井1区",124076,4636,17628,17048,12758,7841,3371,4802,26244,6639,11513,8991,2605
18,2,1802,"福井2区",89514,3072,11012,10686,6738,4546,3117,3663,23540,6405,9154,5808,1773
19,1,1901,"山梨1区",134850,4472,20039,18527,14071,9675,3641,7754,28049,6774,10901,8740,2207
19,2,1902,"山梨2区",83922,2781,10456,10014,6877,7507,2793,8234,16833,4212,7619,5294,1302
20,1,2001,"長野1区",137969,4500,19657,18559,16661,8994,3183,11527,23421,7001,11581,9094,3791
20,2,2002,"長野2区",123683,4044,18956,17498,11393,9541,2816,10301,21041,6745,9679,8533,3136
20,3,2003,"長野3区",126592,4169,16637,15569,11003,9600,2169,12377,29444,5524,9459,8371,2270
20,4,2004,"長野4区",80465,3045,12456,11365,5957,5778,1317,5040,20084,3417,5696,5383,927
20,5,2005,"長野5区",96167,3214,12421,10673,7547,5537,1621,9612,25563,4413,7564,6207,1795
21,1,2101,"岐阜1区",103585,3365,17504,13958,14584,7078,3187,1734,18718,4969,8597,6978,2913
21,2,2102,"岐阜2区",97145,3053,12099,15171,7790,4858,1906,3200,26341,6151,7798,6867,1911
21,3,2103,"岐阜3区",132171,3760,17601,17437,12689,7003,4735,3159,35113,7534,11249,9106,2785
21,4,2104,"岐阜4区",108939,3307,12193,12939,8821,7539,2357,5891,28879,6548,10564,8404,1497
21,5,2105,"岐阜5区",86919,3040,10883,11940,7537,4960,1811,2738,23458,5236,6916,6718,1682
22,1,2201,"静岡1区",124701,4003,19258,16541,19427,8831,3791,2741,19870,6941,10928,9173,3197
22,2,2202,"静岡2区",127476,3546,14534,15416,11731,6380,3105,6096,35822,8560,9952,10233,2101
22,3,2203,"静岡3区",135394,3062,17215,15910,9537,6052,2477,7307,44905,8215,8524,10069,2121
22,4,2204,"静岡4区",101967,2945,12854,11755,9460,5694,2234,3333,28036,6867,8474,7938,2377
22,5,2205,"静岡5区",149128,5122,23310,20183,10936,8761,9502,4209,36137,9964,10249,10257,498
22,6,2206,"静岡6区",123073,4161,18388,16513,11059,13355,3191,5509,21512,7241,10731,9799,1614
22,7,2207,"静岡7区",109870,2698,14663,14488,7505,5425,3124,6916,32594,5863,7621,7706,1267
22,8,2208,"静岡8区",132445,4103,22225,17565,16391,8000,3389,1755,32713,6566,9137,8819,1782
23,1,2301,"愛知1区",122219,4941,23685,19522,22863,9259,2808,223,15304,4985,7248,7865,3516
23,2,2302,"愛知2区",124606,4741,26560,22140,23022,8492,3681,416,13283,4369,7495,7264,3143
23,3,2303,"愛知3区",130838,4530,28653,22314,19367,8282,2747,674,20260,5327,7735,7672,3277
23,4,2304,"愛知4区",113522,3745,17700,16108,14463,7165,2422,403,22036,8934,8088,9802,2656
23,5,2305,"愛知5区",107661,2927,16561,14473,17079,7579,2411,531,18719,7021,8318,8722,3320
23,6,2306,"愛知6区",114410,2828,18185,15314,14660,6550,3818,970,24756,6753,9204,8597,2775
23,7,2307,"愛知7区",118225,2950,23632,17198,14897,6318,2657,1322,26686,5223,7378,7485,2479
23,8,2308,"愛知8区",147671,3234,18672,19345,11413,7308,3291,4141,45463,9792,10063,11394,3555
23,9,2309,"愛知9区",125958,3077,16794,16264,15318,6851,2900,4079,27759,8755,10534,10315,3312
23,10,2310,"愛知10区",106547,2496,16196,14201,14213,5939,2383,1220,23000,7037,8180,8742,2940
23,11,2311,"愛知11区",142196,2451,24400,16702,9581,5674,2566,2669,51337,6561,6282,9962,4011
23,12,2312,"愛知12区",159023,3432,24070,18480,14418,7070,3105,3651,52209,7800,9717,11004,4067
23,13,2313,"愛知13区",153888,3033,26162,18863,12455,5801,2422,2512,54748,7296,6688,10072,3836
23,14,2314,"愛知14区",103587,2422,12697,12345,7848,5207,3529,4516,33074,5278,7432,7239,2000
23,15,2315,"愛知15区",124195,2778,13974,12343,11214,6610,2317,8833,37945,6783,8903,9361,3134
23,16,2316,"愛知16区",129184,3077,18994,16741,14633,6413,4087,1547,32891,8265,8182,10904,3450
24,1,2401,"三重1区",111180,2960,16121,15497,10830,6816,4654,3677,24614,6283,8520,7755,3453
24,2,2402,"三重2区",132347,2982,15419,15622,10270,6329,2858,4338,42726,8521,8799,10170,4313
24,3,2403,"三重3区",136741,3638,18823,17369,12725,6473,2632,2323,41845,8138,9005,9469,4301
24,4,2404,"三重4区",84351,2437,9440,9260,7257,7400,3191,6594,16460,5312,7744,6577,2679
25,1,2501,"滋賀1区",94946,2893,18343,13951,11635,6951,4086,2159,15213,4472,6614,6017,2612
25,2,2502,"滋賀2区",145707,3591,19113,17819,11840,7715,2681,5379,45212,7756,9139,10846,4616
25,3,2503,"滋賀3区",128907,3199,21583,17326,13042,7136,2751,4090,34637,6130,6626,8719,3668
26,1,2601,"京都1区",106039,4020,22561,14421,16509,11165,2861,837,14336,4297,4667,6851,3514
26,2,2602,"京都2区",68181,2565,15916,8373,9424,7572,1626,636,7971,2978,4220,4552,2348
26,3,2603,"京都3区",96226,2663,16787,14667,12480,7448,2696,1132,15457,6219,6451,7307,2919
26,4,2604,"京都4区",107438,3271,17686,14012,14094,9194,3434,3523,17705,6023,7281,7739,3476
26,5,2605,"京都5区",75442,2283,7940,7982,5983,4975,6942,4695,16166,4362,6818,5027,2269
26,6,2606,"京都6区",129315,3820,21673,20620,15042,8520,5305,3410,21744,7651,7812,9542,4176
27,1,2701,"大阪1区",106534,5328,22991,16301,19792,9872,1817,100,11199,3627,4368,6687,4452
27,2,2702,"大阪2区",108939,3766,17436,13365,16467,9527,2350,253,18552,5773,7692,9052,4706
27,3,2703,"大阪3区",84116,2192,11188,9951,11903,7894,1999,174,12410,6157,6387,9250,4611
27,4,2704,"大阪4区",107073,4211,23543,16780,19251,9383,2513,105,11431,3902,5136,6737,4081
27,5,2705,"大阪5区",113938,2641,19519,15122,18284,9557,2330,192,16783,6748,8305,9436,5021
27,6,2706,"大阪6区",103809,2605,15167,12806,14427,7709,2508,305,17504,7335,9912,8710,4821
27,7,2707,"大阪7区",113441,3845,22012,18881,23080,7613,2311,364,11973,5377,6754,7792,3439
27,8,2708,"大阪8区",118260,4463,24458,18624,21963,8995,2824,696,13100,5009,6848,7810,3470
27,9,2709,"大阪9区",104837,3530,22487,16430,17468,7366,2507,1315,11497,5217,6032,8021,2967
27,10,2710,"大阪10区",86985,2129,17202,13890,12981,6016,2176,646,11544,5059,5389,6960,2993
27,11,2711,"大阪11区",104917,2864,19595,18287,13840,7310,3017,828,15920,5664,6660,7781,3151
27,12,2712,"大阪12区",93562,2472,12720,11433,12179,7067,2930,462,16530,6652,9236,8092,3789
27,13,2713,"大阪13区",104489,3362,12791,12189,15397,7604,2114,432,22501,6949,7602,9189,4359
27,14,2714,"大阪14区",117763,3712,16120,15754,16291,8458,3242,1298,23255,6724,8885,9519,4505
27,15,2715,"大阪15区",102854,3370,14910,14632,13253,7434,3205,1824,17666,6530,8231,8067,3732
27,16,2716,"大阪16区",91781,2540,16029,13481,13648,6785,3440,382,14446,4867,6087,6759,3317
27,17,2717,"大阪17区",88131,2745,13089,11595,12227,6313,2519,758,15022,6109,7250,7280,3224
27,18,2718,"大阪18区",118907,3281,15974,16218,15364,7994,4424,1420,21182,8753,9770,10258,4269
27,19,2719,"大阪19区",85230,2350,10971,12069,9129,5766,3645,1973,15101,6355,6637,8363,2871
28,1,2801,"兵庫1区",107695,4672,24529,18685,17322,8705,2616,260,10515,5120,4329,7465,3477
28,2,2802,"兵庫2区",103210,2851,17153,14162,13001,9027,3686,1391,14604,7079,6831,9357,4068
28,3,2803,"兵庫3区",79992,2338,15188,12379,10758,6028,2972,487,11619,4761,4629,6367,2466
28,4,2804,"兵庫4区",125716,3545,18182,16672,12231,7094,3523,4861,31047,7372,7710,9472,4007
28,5,2805,"兵庫5区",115121,4078,16617,15904,11788,8292,3541,7965,21773,5932,8313,8342,2576
28,6,2806,"兵庫6区",118438,3814,22826,18001,17459,8413,6079,1321,15917,5909,6921,8045,3733
28,7,2807,"兵庫7区",120628,5823,26259,24038,21236,8061,2856,464,10982,4920,5134,7660,3195
28,8,2808,"兵庫8区",99789,2355,15748,12929,14212,7318,2370,495,18084,6370,8026,8345,3537
28,9,2809,"兵庫9区",102881,2560,15693,14509,11183,7001,3078,7047,19855,5382,6057,6978,3538
28,10,2810,"兵庫10区",103202,2303,14615,13544,9584,5375,3221,1335,28771,6297,7499,7264,3394
28,11,2811,"兵庫11区",125173,3643,17985,14728,14377,6928,3770,1138,31979,7539,11194,8487,3405
28,12,2812,"兵庫12区",84903,2487,9914,10590,6340,4531,2134,3660,23832,5872,7600,6149,1794
29,1,2901,"奈良1区",104846,4497,22530,18132,16550,8219,3563,1619,11527,4038,5044,6575,2552
29,2,2902,"奈良2区",107668,3437,17910,16620,13596,7884,3388,3114,18645,5562,6492,7910,3110
29,3,2903,"奈良3区",98011,2925,13793,13337,11443,7031,2971,4534,18189,5568,7665,7548,3007
30,1,3001,"和歌山1区",114359,3311,16955,14395,12830,7598,3706,4544,21835,7405,9325,8363,4092
30,2,3002,"和歌山2区",116364,3607,13594,13427,10197,9129,3496,15051,19060,6483,10544,8371,3405
31,1,3101,"鳥取1区",70477,2427,10269,9649,7009,5219,2200,5616,11328,3655,6245,4447,2413
31,2,3102,"鳥取2区",71833,2335,9250,7987,7137,4850,3509,7144,11837,4513,6372,5290,1609
32,1,3201,"島根1区",82648,2964,11184,11651,8260,5949,2870,6272,13462,4488,7955,5423,2170
32,2,3202,"島根2区",96514,3291,12313,11166,8323,6281,3356,7840,18754,5672,10287,6720,2511
33,1,3301,"岡山1区",101747,3655,18001,14421,13207,7147,2853,4129,16892,5424,6992,6826,2200
33,2,3302,"岡山2区",124009,4031,17545,17376,12622,6842,3048,4093,25627,8751,10820,9597,3657
33,3,3303,"岡山3区",126184,3640,13542,13571,10253,6419,3291,11521,31541,8610,10369,9295,4132
33,4,3304,"岡山4区",116914,3001,15110,12942,12086,5852,2249,2444,30655,8739,10999,9055,3782
34,1,3401,"広島1区",127883,4513,23954,19932,19800,9180,4299,682,18319,6820,9113,7968,3303
34,2,3402,"広島2区",120465,4012,19347,16856,18851,8119,3234,1759,18441,7682,9860,9197,3107
34,3,3403,"広島3区",132595,3297,18888,16810,18497,8093,4753,3714,23925,8716,12499,9644,3759
34,4,3404,"広島4区",129276,3161,17726,14934,10111,7209,11315,5023,31132,8725,7988,8594,3358
34,5,3405,"広島5区",96770,3294,10667,10466,7720,5539,2287,8599,25073,5816,7441,7465,2403
34,6,3406,"広島6区",116105,3565,14716,12293,14132,6674,2287,2083,29885,7783,9970,8510,4207
35,1,3501,"山口1区",120213,3499,16990,17839,11287,7095,5477,4297,24644,7630,10626,8863,1966
35,2,3502,"山口2区",112053,3210,14029,13346,8919,5648,4294,4487,28404,7398,11759,8106,2453
35,3,3503,"山口3区",104256,3298,12449,14302,8085,6861,4098,7265,21077,8198,9219,7611,1793
36,1,3601,"徳島1区",102431,3373,16198,12282,10855,6995,3316,7437,18386,5513,8789,6677,2610
36,2,3602,"徳島2区",72516,2040,8966,8015,6168,4731,2286,6752,14930,4600,6994,5122,1912
37,1,3701,"香川1区",92830,3159,14710,13746,15137,6890,2540,2604,13064,5061,7058,6401,2460
37,2,3702,"香川2区",74400,2327,9201,9396,6803,4508,1841,5081,15943,4994,6579,5763,1964
37,3,3703,"香川3区",72846,1970,8499,7354,6113,3852,2932,5324,18775,4628,5603,5463,2333
38,1,3801,"愛媛1区",111608,3385,18625,15592,15736,9332,3268,3687,14805,6344,9372,8111,3351
38,2,3802,"愛媛2区",118645,4050,13864,13242,9237,5996,2310,5879,34601,8053,10512,8288,2613
38,3,3803,"愛媛3区",92098,2736,11010,9932,7728,6036,2840,15556,12602,6711,8697,6387,1863
39,1,3901,"高知1区",84674,2810,12440,10195,9654,6590,3209,8816,10620,4532,7443,5774,2591
39,2,3902,"高知2区",75616,2409,9261,7975,7281,6016,2249,9939,9975,4761,8321,5102,2327
40,1,4001,"福岡1区",127489,3737,22857,20225,25298,10056,3154,566,11700,7891,7893,9992,4120
40,2,4002,"福岡2区",122871,5590,27203,19777,24213,11662,2903,443,7849,5112,7706,6777,3636
40,3,4003,"福岡3区",127694,4556,25274,18836,21860,10396,3384,3556,9878,7168,11345,7704,3737
40,4,4004,"福岡4区",117348,3319,16548,16474,16173,7003,4166,2361,18066,10174,9392,10482,3190
40,5,4005,"福岡5区",126307,3790,18784,17617,19787,8138,5937,3372,14837,8363,12474,9323,3885
40,6,4006,"福岡6区",110078,3441,15431,12723,13728,7337,5133,6965,18494,7024,7912,8415,3475
40,7,4007,"福岡7区",81423,2407,9453,7745,7836,5295,1756,7689,16076,5779,8028,6303,3056
40,8,4008,"福岡8区",93400,2946,11354,9370,8838,6166,4379,2828,21065,7461,9251,7220,2522
40,9,4009,"福岡9区",104692,3169,16858,13748,10760,6526,3106,907,23672,7021,9345,6646,2934
40,10,4010,"福岡10区",109424,3372,15823,13939,14604,7617,4072,982,18688,8599,9602,8202,3924
40,11,4011,"福岡11区",70296,2057,7978,7469,5063,3982,2734,2964,18911,5659,6489,5304,1686
41,1,4101,"佐賀1区",103110,3029,15352,15033,11103,6757,4352,5879,17655,6170,7543,7480,2757
41,2,4102,"佐賀2区",107446,3371,12466,11020,8873,6783,2726,11930,21628,7724,12072,6897,1956
42,1,4201,"長崎1区",95201,2847,15868,11739,11924,8876,3021,2085,14424,6729,8722,6292,2674
42,2,4202,"長崎2区",122873,3539,16545,13024,11248,8819,6359,13987,18516,7745,12357,8085,2649
42,3,4203,"長崎3区",109321,3163,11560,9970,9348,7726,10443,10084,18455,8081,10921,7309,2261
43,1,4301,"熊本1区",124205,4239,23284,17813,18593,10288,6432,2843,14190,5436,9801,7535,3751
43,2,4302,"熊本2区",92158,2647,11693,10154,10748,6607,2356,8374,16233,5928,8525,6503,2390
43,3,4303,"熊本3区",98626,2835,12483,10350,7944,6637,3031,13302,19131,6044,9494,6258,1117
43,4,4304,"熊本4区",114379,3621,12811,11352,9226,8096,2843,17073,18717,9017,12349,8114,1160
44,1,4401,"大分1区",116841,3657,19233,15696,14935,7741,3399,1877,20640,7386,12100,7718,2459
44,2,4402,"大分2区",77080,2633,8275,8310,5491,5440,3237,10918,12904,5966,8048,5051,807
44,3,4403,"大分3区",85000,2645,10981,10228,7039,6719,3041,6510,18342,4939,6833,5864,1859
45,1,4501,"宮崎1区",99740,3084,16399,15263,11864,8310,3305,6259,12098,5172,8735,6491,2760
45,2,4502,"宮崎2区",81570,2778,9069,8200,6323,4970,2845,11747,14827,5299,9167,5165,1180
45,3,4503,"宮崎3区",78557,2728,8801,8223,6605,5089,3148,10803,13038,6173,7543,5374,1032
46,1,4601,"鹿児島1区",97846,3399,18420,14111,15284,9134,3016,1608,8412,5770,8857,7240,2595
46,2,4602,"鹿児島2区",99561,2948,12596,11492,10592,8251,3472,11956,12224,6824,10101,7789,1316
46,3,4603,"鹿児島3区",93750,2499,11655,10812,7425,6445,3068,9971,18010,6647,9380,6956,882
46,4,4604,"鹿児島4区",96104,2759,10945,10946,6695,7043,4287,15125,14855,6008,8798,6942,1701
47,1,4701,"沖縄1区",70735,2850,11684,11249,9654,7383,5047,1596,5226,3840,4585,5105,2516
47,2,4702,"沖縄2区",74763,2550,12704,9980,9015,7212,2555,1251,7411,4503,8181,5899,3502
47,3,4703,"沖縄3区",79003,2139,10550,8006,6667,8766,3533,6371,7968,5243,10399,5696,3665
47,4,4704,"沖縄4区",86168,2611,11276,10090,7426,8179,5727,8516,7966,6213,9006,6287,2871
