"ken","kuno","kucode","kuname","人口_在学者","人口_（在学者）小学校","人口_（在学者）中学校","人口_（在学者）高校","人口_（在学者）短大・高専","人口_（在学者）大学","人口_（在学者）大学院","人口_（在学者）不詳","人口_未就学者","人口_（未就学者）幼稚園","人口_（未就学者）保育園・保育所","人口_（未就学者）認定こども園","人口_（未就学者）その他","人口_（未就学者）不詳"
1,1,101,"北海道1区",30822,11095,5506,5760,1273,6269,899,20,11385,2283,3428,581,5093,0
1,2,102,"北海道2区",39186,13261,6606,6957,1237,9208,1876,41,13410,2075,3839,1743,5753,0
1,3,103,"北海道3区",33345,12241,6349,6391,1218,6837,302,7,12408,2436,3269,1212,5491,0
1,4,104,"北海道4区",29254,11346,6126,6375,757,4455,189,6,10511,1808,3010,1271,4422,0
1,5,105,"北海道5区",36854,12691,6785,7345,1695,8110,222,6,11474,2404,2606,1954,4510,0
1,6,106,"北海道6区",26725,11149,5980,6174,1189,2093,137,3,10187,1665,3354,1734,3434,0
1,7,107,"北海道7区",16598,6700,3804,3688,741,1623,41,1,6086,1010,1522,1052,2502,0
1,8,108,"北海道8区",22358,8813,4861,4952,1152,2275,297,8,7726,1121,1953,1677,2975,0
1,9,109,"北海道9区",26479,10372,5533,5899,1227,2977,461,10,9767,1919,2812,1238,3798,0
1,10,110,"北海道10区",16105,6390,3493,3911,887,1363,59,2,5600,939,1846,689,2126,0
1,11,111,"北海道11区",19113,8429,4459,4681,492,968,82,2,7855,860,2740,1021,3234,0
1,12,112,"北海道12区",18707,7631,4006,4093,266,2504,202,5,7002,920,1856,1341,2885,0
2,1,201,"青森1区",21503,8529,4791,5458,364,2282,74,5,7603,759,3187,1660,1997,0
2,2,202,"青森2区",26761,10920,5807,6325,1118,2505,79,7,10383,807,3635,3197,2744,0
2,3,203,"青森3区",22824,8411,4581,5170,568,3675,413,6,8123,429,3354,2430,1910,0
3,1,301,"岩手1区",24486,8858,4524,5182,1095,4312,508,7,8242,1118,3436,1283,2405,0
3,2,302,"岩手2区",22137,9372,5207,5416,701,1342,97,2,8392,575,4164,1553,2100,0
3,3,303,"岩手3区",25967,10836,5970,6238,1339,1506,75,3,9454,1139,4087,1518,2710,0
4,1,401,"宮城1区",44620,13335,6671,6813,2252,12516,2968,65,13782,2876,4701,687,5518,0
4,2,402,"宮城2区",37149,13712,6925,7289,1754,6838,621,10,14170,3150,4703,722,5595,0
4,3,403,"宮城3区",22520,8869,4700,4806,881,3155,105,4,7956,1743,2668,495,3050,0
4,4,404,"宮城4区",30613,12313,6571,6893,896,3784,155,1,11103,2493,3910,503,4197,0
4,5,405,"宮城5区",22960,9573,5350,5871,660,1434,68,4,8266,2029,3130,684,2423,0
5,1,501,"秋田1区",19102,7013,3752,3806,732,3345,429,25,6711,1003,2462,1203,2043,0
5,2,502,"秋田2区",13464,5564,3298,3515,293,737,56,1,4628,307,2105,1078,1138,0
5,3,503,"秋田3区",18443,7786,4393,4613,268,1257,126,0,6592,272,3271,1638,1411,0
6,1,601,"山形1区",23881,9195,4858,5154,764,3630,259,21,8838,1251,3550,1306,2731,0
6,2,602,"山形2区",23016,9118,5087,5239,475,2538,558,1,8293,1045,3564,1415,2269,0
6,3,603,"山形3区",18919,7749,4248,4644,951,1230,95,2,6926,707,3563,964,1692,0
7,1,701,"福島1区",28409,10789,6035,6688,785,3885,221,6,10281,1913,3195,1275,3898,0
7,2,702,"福島2区",33761,13121,7030,7927,1146,4328,201,8,12582,2696,3784,1219,4883,0
7,3,703,"福島3区",23216,9858,5190,5636,544,1843,144,1,8960,1689,2573,1556,3142,0
7,4,704,"福島4区",24922,10314,5761,5813,1069,1895,66,4,10287,1956,3320,1046,3965,0
8,1,801,"茨城1区",31860,12568,6707,7065,1024,4216,278,2,12009,1646,3767,2164,4432,0
8,2,802,"茨城2区",21500,9050,4828,5278,500,1765,77,2,8456,780,3043,1511,3122,0
8,3,803,"茨城3区",30792,11492,6145,6339,739,5658,394,25,10405,1735,3343,1130,4197,0
8,4,804,"茨城4区",18692,7669,4127,4234,828,1737,94,3,6930,1204,2820,340,2566,0
8,5,805,"茨城5区",18194,6638,3780,4338,489,2472,476,1,5731,901,1583,987,2260,0
8,6,806,"茨城6区",42334,14970,7489,7709,796,8627,2738,5,14649,2458,5439,1222,5530,0
8,7,807,"茨城7区",24971,10086,5464,5654,775,2857,131,4,8972,1326,2672,1568,3406,0
9,1,901,"栃木1区",33564,13455,7008,6919,977,4719,479,7,13284,2211,3976,1510,5587,0
9,2,902,"栃木2区",17950,7498,4160,4143,552,1520,71,6,7129,1024,3062,669,2374,0
9,3,903,"栃木3区",17209,6860,3782,4162,376,1932,93,4,6370,711,2308,1233,2118,0
9,4,904,"栃木4区",29197,11453,6043,6039,962,4477,220,3,10904,1658,3207,2174,3865,0
9,5,905,"栃木5区",25293,9792,5493,5997,812,3064,129,6,9168,1175,2639,2160,3194,0
10,1,1001,"群馬1区",25896,9690,5232,5690,1164,3790,327,3,9053,874,2749,2636,2794,0
10,2,1002,"群馬2区",27329,10119,5495,6085,1112,4051,459,8,9520,814,3640,1663,3402,1
10,3,1003,"群馬3区",26872,10917,5735,5919,860,3267,165,9,10029,1065,3049,2320,3595,0
10,4,1004,"群馬4区",24223,8797,4922,4998,904,4428,167,7,8509,989,2511,2189,2820,0
10,5,1005,"群馬5区",22297,9038,4969,5199,946,2036,106,3,8116,740,2963,1802,2611,0
11,1,1101,"埼玉1区",34284,13015,6432,6361,634,7294,545,3,13061,2927,3970,286,5878,0
11,2,1102,"埼玉2区",30968,11611,6034,6127,1033,5807,352,4,12324,2792,3681,102,5749,0
11,3,1103,"埼玉3区",32762,12429,6384,6354,848,6415,323,9,12750,2927,3373,516,5934,0
11,4,1104,"埼玉4区",33191,12815,6106,5917,893,6926,527,7,13329,2797,4194,168,6170,0
11,5,1105,"埼玉5区",31946,11997,6162,6104,712,6556,412,3,12500,2782,3875,200,5643,0
11,6,1106,"埼玉6区",31537,11471,6374,6467,996,5920,301,8,10936,2615,3360,803,4158,0
11,7,1107,"埼玉7区",29428,10857,5399,5647,877,6305,334,9,10377,2780,3055,460,4082,0
11,8,1108,"埼玉8区",31104,10994,5774,5925,1044,6913,444,10,10761,2678,3427,472,4184,0
11,9,1109,"埼玉9区",31564,11100,6168,6500,966,6577,246,7,9745,2079,3179,602,3885,0
11,10,1110,"埼玉10区",27054,9068,4959,5207,788,6689,325,18,8386,1770,2919,254,3443,0
11,11,1111,"埼玉11区",25925,9735,5412,5841,890,3861,180,6,8743,1076,3872,863,2932,0
11,12,1112,"埼玉12区",28257,10337,5763,5969,837,5138,209,4,9524,1639,3283,930,3671,1
11,13,1113,"埼玉13区",29444,10793,5852,6102,782,5625,280,10,9682,2287,2647,765,3983,0
11,14,1114,"埼玉14区",31688,11990,6215,6254,963,5986,273,7,12779,2784,3126,392,6477,0
11,15,1115,"埼玉15区",36798,13213,6349,6511,866,9053,797,9,14569,2887,4865,111,6706,0
11,16,1116,"埼玉16区",27300,10368,5380,5735,766,4821,224,6,9571,2340,2700,533,3998,0
12,1,1201,"千葉1区",36483,12442,6705,6782,982,8415,1151,6,11777,2188,3787,816,4986,0
12,2,1202,"千葉2区",26108,9278,4906,5194,763,5654,310,3,9375,1983,2676,456,4260,0
12,3,1203,"千葉3区",26986,10448,5483,5691,847,4272,240,5,9930,2112,2369,783,4666,0
12,4,1204,"千葉4区",34152,13079,6425,6425,903,6838,479,3,13256,2740,4638,169,5708,1
12,5,1205,"千葉5区",33183,11714,5970,6319,921,7687,571,1,13478,1975,4764,553,6186,0
12,6,1206,"千葉6区",32859,11668,6077,6367,991,7254,497,5,12403,2695,3727,281,5700,0
12,7,1207,"千葉7区",25152,9915,4798,4420,594,4672,750,3,10950,2226,3665,300,4759,0
12,8,1208,"千葉8区",29737,11193,5514,5785,763,5723,758,1,11345,2154,3182,953,5056,0
12,9,1209,"千葉9区",31127,11613,6223,6483,1008,5505,291,4,10608,2215,3234,386,4772,1
12,10,1210,"千葉10区",23829,9352,4977,5196,818,3336,147,3,8022,934,3357,692,3039,0
12,11,1211,"千葉11区",23995,8711,4801,4971,871,4479,155,7,7414,907,2696,913,2898,0
12,12,1212,"千葉12区",26296,10605,5577,6094,1014,2829,169,8,9852,2064,2876,750,4162,0
12,13,1213,"千葉13区",35147,13312,6918,6856,943,6741,366,11,12207,2699,3378,593,5537,0
12,14,1214,"千葉14区",38764,13181,6589,6814,966,10464,745,5,12509,2625,3729,765,5390,0
13,1,1301,"東京1区",21283,7005,3124,3076,544,6358,1169,7,9345,900,2462,679,5304,0
13,2,1302,"東京2区",18109,7513,3076,2804,373,3685,656,2,10923,1336,3769,302,5516,0
13,3,1303,"東京3区",23245,9477,4130,3904,505,4563,663,3,12381,1529,5193,124,5535,0
13,4,1304,"東京4区",26501,9909,4713,4955,1087,5404,427,6,12052,1919,4395,20,5718,0
13,5,1305,"東京5区",30118,10909,5067,4814,410,8049,809,60,11984,1888,3564,229,6303,0
13,6,1306,"東京6区",35161,11780,5522,5514,532,10807,927,79,12379,2065,3881,144,6289,0
13,7,1307,"東京7区",24873,10506,4260,3866,349,5129,761,2,14775,1589,4186,400,8600,0
13,8,1308,"東京8区",26831,9535,4374,4518,546,7111,743,4,11204,1605,4044,151,5404,0
13,9,1309,"東京9区",26409,9409,4857,4926,613,6111,485,8,9553,1743,3013,126,4671,0
13,10,1310,"東京10区",34037,10413,4511,4395,925,10760,2988,45,13331,1900,4750,74,6607,0
13,11,1311,"東京11区",28693,10063,4569,4757,946,7738,615,5,11362,1637,3783,73,5869,0
13,12,1312,"東京12区",25358,9025,4179,4315,876,6231,727,5,11529,1443,4265,78,5743,0
13,13,1313,"東京13区",27201,10117,5139,5132,840,5534,432,7,10644,1578,3249,109,5708,0
13,14,1314,"東京14区",27054,9963,4899,4992,892,5787,515,6,11955,1515,4297,130,6013,0
13,15,1315,"東京15区",32355,13119,6009,5743,589,6095,794,6,15475,1830,5629,309,7707,0
13,16,1316,"東京16区",34682,12738,6598,6680,1521,6757,378,10,13741,2653,3820,127,7141,0
13,17,1317,"東京17区",28374,10491,5192,5398,952,5807,529,5,11437,1609,4085,187,5555,1
13,18,1318,"東京18区",34933,11758,5636,5655,968,9781,1133,2,12668,2367,4264,109,5928,0
13,19,1319,"東京19区",30317,10137,4948,5069,698,8477,904,84,11010,2042,3460,177,5331,0
13,20,1320,"東京20区",35090,12961,6877,6957,1096,6777,407,15,12113,2016,3968,332,5797,0
13,21,1321,"東京21区",39577,12496,6252,6525,1100,12259,936,9,12291,2026,4366,189,5710,0
13,22,1322,"東京22区",37102,12772,6012,5957,904,10254,1199,4,13967,2473,5019,94,6381,0
13,23,1323,"東京23区",33374,11296,6071,6371,997,7955,680,4,9968,2014,3045,617,4292,0
13,24,1324,"東京24区",35696,10668,5747,5875,2076,10657,668,5,9875,1644,3539,326,4366,0
13,25,1325,"東京25区",32262,12128,6293,6581,1250,5711,292,7,10985,1422,4544,343,4676,0
13,26,1326,"東京26区",32131,11764,5402,5280,524,7838,1317,6,13306,2101,4325,99,6781,0
13,27,1327,"東京27区",22750,7610,3420,3427,931,6632,693,37,10000,1327,3470,174,5029,0
13,28,1328,"東京28区",23108,8137,3987,4037,627,5800,513,7,9567,1522,3362,112,4571,0
13,29,1329,"東京29区",27350,10310,5115,5154,916,5298,552,5,10999,1558,3607,160,5674,0
13,30,1330,"東京30区",38022,13432,6784,6730,890,9444,734,8,13206,2499,4690,326,5691,0
14,1,1401,"神奈川1区",33015,11732,6080,6142,851,7629,573,8,11383,2411,3586,241,5145,0
14,2,1402,"神奈川2区",30852,11459,5738,5939,832,6325,558,1,11362,2132,3588,338,5304,0
14,3,1403,"神奈川3区",35119,13076,6345,6142,951,7957,645,3,14251,2398,5096,208,6549,0
14,4,1404,"神奈川4区",26127,9726,5105,5299,515,5080,402,0,8231,1876,2387,449,3519,0
14,5,1405,"神奈川5区",31512,11367,6261,6196,737,6486,461,4,11230,2238,3550,576,4866,0
14,6,1406,"神奈川6区",30528,10669,5481,5818,837,7018,700,5,10294,2227,3114,270,4683,0
14,7,1407,"神奈川7区",24295,8583,4057,4087,523,6282,758,5,10317,1729,3849,153,4586,0
14,8,1408,"神奈川8区",39712,13407,6985,7452,735,10299,827,7,12624,2690,3936,458,5539,1
14,9,1409,"神奈川9区",29445,9570,4867,4813,598,8857,676,64,10208,1777,3494,260,4677,0
14,10,1410,"神奈川10区",23312,9490,4614,4429,627,3836,311,5,11080,1967,3943,87,5083,0
14,11,1411,"神奈川11区",28947,9607,5315,6703,827,6167,328,0,8745,2114,1855,937,3839,0
14,12,1412,"神奈川12区",36040,13487,6760,6788,825,7695,482,3,13255,3180,4163,181,5731,0
14,13,1413,"神奈川13区",30119,11354,5904,6072,878,5526,381,4,11143,2397,2800,269,5677,0
14,14,1414,"神奈川14区",33643,12001,6373,6422,1157,7252,434,4,11412,1943,2848,1493,5128,0
14,15,1415,"神奈川15区",37975,13721,7339,7416,933,8036,436,94,13002,2532,3543,660,6267,0
14,16,1416,"神奈川16区",33898,11805,6295,6378,911,8069,438,2,11475,2187,3133,803,5351,1
14,17,1417,"神奈川17区",35208,12553,6625,6994,974,7649,407,6,11075,1802,3632,781,4860,0
14,18,1418,"神奈川18区",33269,12475,5904,5875,661,7604,746,4,15096,2480,5674,181,6760,1
14,19,1419,"神奈川19区",37301,13825,6991,6886,725,8188,640,46,13127,2809,4072,409,5837,0
14,20,1420,"神奈川20区",27218,9607,5064,5069,840,6177,457,4,9729,1969,2692,567,4501,0
15,1,1501,"新潟1区",26916,10586,5408,5458,1751,3342,366,5,10313,805,4121,2288,3099,0
15,2,1502,"新潟2区",32172,11686,6075,6478,1287,5811,784,51,10624,553,5202,1909,2960,0
15,3,1503,"新潟3区",28084,10880,5963,6334,1303,3151,116,337,9731,563,4400,2112,2656,0
15,4,1504,"新潟4区",27196,10759,5599,5852,1453,2830,703,0,9833,698,4107,1983,3045,0
15,5,1505,"新潟5区",23684,10175,5554,5846,602,1174,330,3,9024,651,4692,1208,2473,0
16,1,1601,"富山1区",21574,7734,4037,4087,798,4322,588,8,7867,606,2507,2285,2469,0
16,2,1602,"富山2区",17252,7030,4033,4242,600,1250,95,2,6424,214,3228,1414,1568,0
16,3,1603,"富山3区",25107,9992,5567,5777,870,2662,233,6,9321,529,4323,1992,2477,0
17,1,1701,"石川1区",35548,11873,6071,6397,950,9070,1179,8,11732,1330,3028,3425,3949,0
17,2,1702,"石川2区",29271,10979,5806,5782,626,5220,857,1,10750,694,3511,3691,2854,0
17,3,1703,"石川3区",16402,6373,3478,4028,897,1535,89,2,5807,268,2347,1842,1350,0
18,1,1801,"福井1区",31624,11977,6460,6650,721,5240,576,0,11273,604,3533,4069,3067,0
18,2,1802,"福井2区",20205,8688,4576,4666,722,1424,128,1,8242,408,3874,1476,2484,0
19,1,1901,"山梨1区",34750,12431,6744,8105,866,6106,491,7,12281,1163,4796,1949,4373,0
19,2,1902,"山梨2区",19715,7037,3910,4208,739,3699,122,0,6558,604,2955,734,2265,0
20,1,2001,"長野1区",31541,12581,6763,7099,1476,3124,494,4,11689,1531,5008,1116,4034,0
20,2,2002,"長野2区",29782,11629,6181,6734,856,4074,298,10,10661,928,3753,1623,4357,0
20,3,2003,"長野3区",29470,11892,6540,7117,964,2580,375,2,11216,1245,5184,433,4354,0
20,4,2004,"長野4区",18270,7173,4120,4220,534,2142,79,2,6826,327,3608,188,2703,0
20,5,2005,"長野5区",20580,9121,4969,4922,400,1023,139,6,8436,322,4884,267,2963,0
21,1,2101,"岐阜1区",26859,9786,5083,5414,777,5122,669,8,9469,2742,2452,742,3533,0
21,2,2102,"岐阜2区",24784,9751,5221,5423,702,3510,172,5,8318,923,2649,1776,2970,0
21,3,2103,"岐阜3区",35843,13999,7412,7539,1418,5240,233,2,12783,2566,3964,974,5279,0
21,4,2104,"岐阜4区",25073,10675,5610,5978,785,1914,109,2,9820,1339,3845,903,3733,0
21,5,2105,"岐阜5区",20802,8402,4415,4998,490,2355,139,3,7346,1168,2419,767,2992,0
22,1,2201,"静岡1区",30589,11764,5961,6267,776,5393,425,3,11106,1894,2592,2537,4083,0
22,2,2202,"静岡2区",28937,12324,6492,6973,631,2408,104,5,10905,2291,3847,1164,3603,0
22,3,2203,"静岡3区",30740,13485,6984,6869,693,2611,95,3,12855,2313,3802,2111,4629,0
22,4,2204,"静岡4区",23837,9179,5066,5402,658,3394,131,7,8250,1271,2091,2041,2847,0
22,5,2205,"静岡5区",34167,14418,7459,7863,964,3305,154,4,13371,2582,4341,1262,5186,0
22,6,2206,"静岡6区",26903,10900,6030,6411,1101,2343,115,3,9544,1653,2854,1196,3841,0
22,7,2207,"静岡7区",25514,11167,5800,5862,596,1961,128,0,9857,2494,2651,1475,3237,0
22,8,2208,"静岡8区",31672,12373,6346,6687,772,4696,796,2,12607,3041,3123,2080,4363,0
23,1,2301,"愛知1区",25780,9790,4822,4734,872,5031,493,38,11516,2127,3415,575,5399,0
23,2,2302,"愛知2区",37140,14231,6747,6491,737,7596,1332,6,14472,3268,4373,711,6120,0
23,3,2303,"愛知3区",41344,14732,7171,7076,793,9813,1757,2,15804,3190,5116,699,6799,0
23,4,2304,"愛知4区",26901,10226,5200,5256,984,4865,365,5,10666,1685,3392,931,4658,0
23,5,2305,"愛知5区",24924,9564,4744,4816,1170,4354,268,8,10698,1729,3481,674,4814,0
23,6,2306,"愛知6区",31883,12091,6371,6370,659,6057,328,7,11685,2491,3882,288,5024,0
23,7,2307,"愛知7区",34591,13473,6665,6509,734,6780,428,2,13786,2791,4943,433,5619,0
23,8,2308,"愛知8区",38653,15795,7935,7794,879,5976,262,12,15052,1753,5906,828,6564,1
23,9,2309,"愛知9区",32450,12502,6501,6928,826,5388,298,7,11628,1848,4284,1004,4492,0
23,10,2310,"愛知10区",29754,11696,6246,6185,755,4585,279,8,11283,1882,3959,245,5197,0
23,11,2311,"愛知11区",35833,13908,7310,7770,1072,5489,280,4,13632,2172,2060,3053,6347,0
23,12,2312,"愛知12区",39329,16804,8321,8248,982,4667,300,7,16342,2842,5958,339,7202,1
23,13,2313,"愛知13区",37895,15784,7951,8007,758,5009,381,5,16527,2804,5122,821,7780,0
23,14,2314,"愛知14区",24679,10150,5454,5612,605,2735,119,4,9715,1083,3925,791,3916,0
23,15,2315,"愛知15区",29636,12114,6233,6294,619,3655,712,9,11480,1310,3804,1932,4434,0
23,16,2316,"愛知16区",34132,13249,7028,7064,905,5537,342,7,12626,2534,4327,357,5407,1
24,1,2401,"三重1区",29088,11431,5963,6427,870,3920,467,10,10982,1493,4084,1139,4266,0
24,2,2402,"三重2区",31342,12651,6750,6949,1539,3265,182,6,11837,1729,4863,676,4568,1
24,3,2403,"三重3区",33126,13722,7048,7169,866,4087,228,6,13097,2412,4549,386,5750,0
24,4,2404,"三重4区",19044,7824,4267,4387,735,1760,65,6,6914,540,3235,861,2278,0
25,1,2501,"滋賀1区",29373,10850,5631,5838,653,5921,477,3,10377,1537,3408,1217,4215,0
25,2,2502,"滋賀2区",38267,15455,7960,8102,909,5522,315,4,14336,1815,4265,2804,5451,1
25,3,2503,"滋賀3区",40835,15008,7730,7674,949,8593,879,2,14922,1971,4426,2131,6394,0
26,1,2601,"京都1区",35926,10263,5157,5219,756,13074,1456,1,10600,1708,3729,411,4752,0
26,2,2602,"京都2区",27847,7138,3662,3848,506,9997,2688,8,6935,1060,2032,718,3125,0
26,3,2603,"京都3区",30293,10574,5652,5774,732,7006,552,3,10956,1776,3796,648,4736,0
26,4,2604,"京都4区",34731,11705,6195,6722,1175,7927,1000,7,11581,1831,4127,481,5142,0
26,5,2605,"京都5区",16960,6981,3847,4231,995,870,31,5,6695,732,2374,1347,2242,0
26,6,2606,"京都6区",44178,15859,8501,8522,1062,9295,933,6,13904,2342,4125,1643,5794,0
27,1,2701,"大阪1区",27072,10540,4616,4745,1307,5403,455,6,13459,1790,3916,255,7498,0
27,2,2702,"大阪2区",34217,12507,6315,6782,1201,7017,391,4,12921,1430,3445,915,7131,0
27,3,2703,"大阪3区",24479,8799,4734,4825,820,4929,355,17,8906,1128,2142,588,5048,0
27,4,2704,"大阪4区",27217,10675,5150,4880,971,5123,416,2,13202,1695,3670,751,7086,0
27,5,2705,"大阪5区",29942,10964,5572,5550,1531,5933,378,14,11631,1526,2965,575,6565,0
27,6,2706,"大阪6区",29644,11011,5751,5940,830,5814,286,12,11469,1396,2672,1727,5674,0
27,7,2707,"大阪7区",36404,12958,6310,6402,841,9016,876,1,13960,2899,3571,1092,6398,0
27,8,2708,"大阪8区",39224,14352,6901,6729,680,9221,1338,3,14755,2754,2764,2349,6886,2
27,9,2709,"大阪9区",37599,13243,6572,6786,699,8580,1717,2,12580,2432,3018,1509,5621,0
27,10,2710,"大阪10区",27676,9864,5452,5434,643,5864,413,6,9978,1619,2522,1315,4522,0
27,11,2711,"大阪11区",33636,11835,6473,6822,815,7216,467,8,10753,1980,3304,956,4512,1
27,12,2712,"大阪12区",28609,9862,5448,5730,789,6433,286,61,9546,1228,2361,1460,4497,0
27,13,2713,"大阪13区",30070,9076,4966,6441,724,8508,308,47,10630,1043,1918,1784,5885,0
27,14,2714,"大阪14区",35602,12666,6754,7284,914,7617,358,9,12121,1457,2985,2109,5570,0
27,15,2715,"大阪15区",31808,11092,6039,6522,938,6918,290,9,10387,1561,2597,1478,4751,0
27,16,2716,"大阪16区",26613,9859,5081,5186,603,5304,579,1,10221,1561,1964,2085,4611,0
27,17,2717,"大阪17区",28983,10953,5917,6056,803,4976,272,6,9844,1621,1592,2293,4338,0
27,18,2718,"大阪18区",39024,14303,7679,8184,1345,7201,309,3,13234,1804,2394,2611,6425,0
27,19,2719,"大阪19区",26849,9488,5459,5628,838,5211,222,3,8556,1106,1604,2144,3702,0
28,1,2801,"兵庫1区",33729,11477,5708,5677,933,8392,1403,139,12156,2079,3069,1651,5357,0
28,2,2802,"兵庫2区",28202,10431,5799,5907,904,4788,361,12,9448,1560,2238,1591,4058,1
28,3,2803,"兵庫3区",24176,9617,4717,4740,601,4209,288,4,9396,1647,1899,1740,4110,0
28,4,2804,"兵庫4区",35006,13127,7213,7770,1203,5348,341,4,11580,1055,2602,3515,4408,0
28,5,2805,"兵庫5区",30389,12238,6466,6851,681,3855,296,2,10451,1127,1880,3538,3906,0
28,6,2806,"兵庫6区",37984,14522,7432,7447,890,7246,443,4,14269,2692,3485,995,7097,0
28,7,2807,"兵庫7区",42203,15122,8005,8115,718,9625,610,8,14617,3177,3869,839,6732,0
28,8,2808,"兵庫8区",24566,9286,4805,5029,721,4432,284,9,10993,1680,2900,840,5573,0
28,9,2809,"兵庫9区",27663,11258,5737,5631,918,3895,213,11,12316,1512,3834,1252,5718,0
28,10,2810,"兵庫10区",28211,11471,5943,6015,742,3835,200,5,10640,1121,2750,2270,4499,0
28,11,2811,"兵庫11区",33874,13922,7098,7109,1078,4336,324,7,13329,1128,3732,2859,5610,0
28,12,2812,"兵庫12区",21542,8779,4667,4934,559,2442,159,2,7395,924,1852,2081,2538,0
29,1,2901,"奈良1区",33960,11982,6343,6444,760,7507,924,0,11042,1734,2878,1767,4663,0
29,2,2902,"奈良2区",33994,12169,6463,7324,1104,6582,350,2,11153,1983,3417,1233,4520,0
29,3,2903,"奈良3区",25425,9305,5033,5388,853,4558,283,5,8536,1240,3086,704,3506,0
30,1,3001,"和歌山1区",30357,11986,6189,6492,897,4479,294,20,11672,1715,3227,1739,4991,0
30,2,3002,"和歌山2区",26160,10779,5892,6317,1194,1869,106,3,9624,776,3775,1713,3360,0
31,1,3101,"鳥取1区",19233,7317,3914,4109,465,3009,416,3,7063,493,3569,864,2137,0
31,2,3102,"鳥取2区",16593,7169,3676,3733,954,929,127,5,7365,585,3379,1263,2136,2
32,1,3201,"島根1区",20962,8156,4178,4499,1238,2602,285,4,7984,603,4375,929,2077,0
32,2,3202,"島根2区",22031,9339,4822,5559,740,1446,121,4,9261,667,5674,763,2157,0
33,1,3301,"岡山1区",32071,10406,5397,5832,1034,8115,1284,3,10516,1243,3616,1687,3970,0
33,2,3302,"岡山2区",33613,13637,7167,7462,742,4385,214,6,13388,1391,4687,1932,5378,0
33,3,3303,"岡山3区",30010,12110,6724,6903,1147,2950,172,4,11139,1009,4665,1795,3670,0
33,4,3304,"岡山4区",30559,12876,6600,6564,635,3682,194,8,12556,1978,4643,1139,4796,0
34,1,3401,"広島1区",32025,13047,6589,6501,847,4462,541,38,13920,2502,4998,1006,5414,0
34,2,3402,"広島2区",32279,12993,6380,6337,957,5290,251,71,12821,2107,5360,614,4740,0
34,3,3403,"広島3区",38497,15485,7906,8046,851,6012,193,4,14057,2217,4748,1512,5580,0
34,4,3404,"広島4区",36787,12509,6335,6257,1438,8747,1496,5,11576,1570,3701,1997,4308,0
34,5,3405,"広島5区",21518,9023,4809,5012,565,2018,86,5,7925,943,2917,1435,2630,0
34,6,3406,"広島6区",30909,12934,6617,6588,861,3799,101,9,12810,1393,3898,2369,5150,0
35,1,3501,"山口1区",32723,12474,6290,6330,1175,5612,841,1,11968,2418,4525,863,4162,0
35,2,3502,"山口2区",25469,11118,5927,5829,1242,1285,64,4,10317,1768,3812,792,3945,0
35,3,3503,"山口3区",24655,9897,5237,5258,724,3432,100,7,8717,1134,3660,1163,2760,0
36,1,3601,"徳島1区",25661,9407,4890,5128,1155,4345,733,3,9237,1137,3671,1597,2832,0
36,2,3602,"徳島2区",17028,7258,3818,3944,422,1372,213,1,6766,1205,2044,1271,2246,0
37,1,3701,"香川1区",24130,9847,4928,4952,952,3131,307,13,9625,1607,3327,1349,3341,1
37,2,3702,"香川2区",18325,7368,3970,4339,685,1831,127,5,6599,799,2289,1493,2018,0
37,3,3703,"香川3区",17699,7551,3730,4122,880,1352,60,4,6915,1406,2374,874,2261,0
38,1,3801,"愛媛1区",35680,13140,6890,7405,1134,6548,555,8,12710,2641,2913,1614,5542,0
38,2,3802,"愛媛2区",26518,11805,6061,5822,1747,1019,60,4,10495,1448,3980,1321,3746,0
38,3,3803,"愛媛3区",20168,8732,4657,5010,414,1271,78,6,7582,810,3385,940,2447,0
39,1,3901,"高知1区",22861,8800,4560,4666,1280,3210,340,5,8486,770,4270,675,2771,0
39,2,3902,"高知2区",18773,7288,4103,4626,596,1976,141,43,6680,320,3745,496,2119,0
40,1,4001,"福岡1区",35944,12580,5956,6033,3018,7661,687,9,15208,2439,6245,148,6376,0
40,2,4002,"福岡2区",37051,14062,6390,6417,1918,7581,676,7,14994,2892,5885,105,6112,0
40,3,4003,"福岡3区",47319,16932,8301,7918,1236,10661,2262,9,16576,2962,7029,361,6224,0
40,4,4004,"福岡4区",37376,16401,7786,7200,999,4746,241,3,16129,3186,5375,1026,6542,0
40,5,4005,"福岡5区",42427,17370,8633,8369,1246,6245,506,58,16706,2931,5902,446,7427,0
40,6,4006,"福岡6区",30782,12193,6086,5826,1460,4993,218,6,12008,1717,5780,838,3673,0
40,7,4007,"福岡7区",21269,8916,4489,4597,1045,2118,99,5,8212,788,4037,749,2638,0
40,8,4008,"福岡8区",27114,10873,5649,5649,861,3708,371,3,10526,1584,4069,878,3995,0
40,9,4009,"福岡9区",30816,11662,5861,5953,878,5417,1034,11,11032,2648,3895,361,4128,0
40,10,4010,"福岡10区",29566,11754,5903,5847,1441,4323,290,8,11798,2435,4026,649,4688,0
40,11,4011,"福岡11区",18578,8141,4158,3969,633,1610,65,2,7763,912,3770,489,2592,0
41,1,4101,"佐賀1区",29378,11649,6093,6325,888,3967,444,12,11356,1480,3960,2146,3770,0
41,2,4102,"佐賀2区",26198,11439,6269,6457,636,1328,65,4,10948,710,5407,1916,2914,1
42,1,4201,"長崎1区",26645,9991,5182,5609,634,4566,654,9,9781,1052,3690,2009,3030,0
42,2,4202,"長崎2区",31897,14094,7403,7999,704,1573,119,5,13613,1332,6345,2029,3907,0
42,3,4203,"長崎3区",25553,11390,5648,5468,1044,1924,75,4,10809,1308,4566,1903,3032,0
43,1,4301,"熊本1区",39673,14107,7283,8034,1308,7993,944,4,14501,1735,5080,2649,5037,0
43,2,4302,"熊本2区",25475,10725,5257,5233,1011,3084,162,3,10867,998,4526,2099,3243,1
43,3,4303,"熊本3区",26094,12074,5654,5434,1034,1805,92,1,11538,826,6758,894,3060,0
43,4,4304,"熊本4区",27243,12289,6388,6450,848,1200,67,1,10957,463,6901,975,2618,0
44,1,4401,"大分1区",32896,13238,6608,6694,1508,4473,374,1,12906,1973,4183,2322,4428,0
44,2,4402,"大分2区",16244,7231,3802,3969,471,711,60,0,6307,661,1831,2009,1806,0
44,3,4403,"大分3区",21419,8824,4548,4824,826,2295,96,6,8247,948,2970,1773,2556,0
45,1,4501,"宮崎1区",29785,12101,6214,6323,714,4015,413,5,11686,1100,4174,2463,3949,0
45,2,4502,"宮崎2区",19703,8874,4557,4793,492,950,36,1,7982,717,3626,1499,2140,0
45,3,4503,"宮崎3区",20319,9331,4662,4670,919,711,26,0,8751,649,3010,2626,2466,0
46,1,4601,"鹿児島1区",29314,11305,5552,5958,871,4937,670,21,10551,1899,3945,1463,3244,0
46,2,4602,"鹿児島2区",25852,11391,6034,5880,663,1721,140,23,11153,1522,4638,1799,3194,0
46,3,4603,"鹿児島3区",23911,10755,5513,5584,875,1103,80,1,10064,1103,4201,1887,2873,0
46,4,4604,"鹿児島4区",24870,11236,5804,5144,1124,1258,65,239,10591,1022,3119,3033,3417,0
47,1,4701,"沖縄1区",24368,10212,5128,5221,1127,2545,110,25,10070,625,3454,1807,4184,0
47,2,4702,"沖縄2区",32434,13118,6450,6421,1315,4777,344,9,13507,1208,4895,1149,6255,0
47,3,4703,"沖縄3区",31888,13649,6776,6895,1586,2783,188,11,14498,1047,5504,981,6966,0
47,4,4704,"沖縄4区",29034,13860,6391,5995,902,1808,65,13,15191,1173,6355,1722,5941,0
