"ken","kuno","kucode","kuname","一般世帯数_総数","一般世帯数_農林漁業就業者世帯","一般世帯数_農林漁業・業主世帯","一般世帯数_農林漁業・雇用者世帯","一般世帯数_農林漁業・非農林漁業就業者混合世帯","一般世帯数_農林漁業・業主混合世帯","一般世帯数_農林漁業・雇用者混合世帯","一般世帯数_非農林漁業・業主混合世帯","一般世帯数_非農林漁業・雇用者混合世帯","一般世帯数_非農林漁業就業者世帯","一般世帯数_非農林漁業・業主世帯","一般世帯数_非農林漁業・雇用者世帯","一般世帯数_非農林漁業・業主・雇用者世帯（世帯の主な就業者が業主）","一般世帯数_非農林漁業・業主・雇用者世帯（世帯の主な就業者が雇用者）","一般世帯数_非就業者世帯","一般世帯数_分類不能の世帯"
1,1,101,"北海道1区",273408,490,153,337,376,58,157,13,148,147588,9042,132691,3501,2354,119094,5860
1,2,102,"北海道2区",264858,465,170,295,544,61,205,27,251,148106,7641,134314,3879,2272,109546,6197
1,3,103,"北海道3区",264707,431,98,333,437,48,209,11,169,151992,7397,139133,3314,2148,106083,5764
1,4,104,"北海道4区",217103,3902,2372,1530,2013,534,655,56,768,122762,6720,110916,3102,2024,83985,4441
1,5,105,"北海道5区",225086,2731,1194,1537,2154,324,714,63,1053,133184,5472,122635,2936,2141,82166,4851
1,6,106,"北海道6区",223427,7840,4761,3079,3795,907,1248,124,1516,127279,7940,114192,3184,1963,80734,3779
1,7,107,"北海道7区",137685,7435,3992,3443,2961,880,1295,78,708,75863,4718,68326,1732,1087,49088,2338
1,8,108,"北海道8区",193538,5741,3734,2007,3329,1155,954,97,1123,106214,6824,94920,2889,1581,74029,4225
1,9,109,"北海道9区",210634,9025,3615,5410,3617,727,1468,109,1313,117013,6333,106781,2330,1569,77110,3869
1,10,110,"北海道10区",147744,8044,5358,2686,3489,1166,1036,93,1194,78802,4700,71171,1630,1301,55027,2382
1,11,111,"北海道11区",152645,9963,5095,4868,3774,744,1559,129,1342,82030,4941,73791,2036,1262,52299,4579
1,12,112,"北海道12区",158228,10426,6047,4379,3897,932,1690,81,1194,85971,5135,77722,1929,1185,55288,2646
2,1,201,"青森1区",168794,3747,2544,1203,2999,1482,720,92,705,102874,6025,92122,3115,1612,55831,3343
2,2,202,"青森2区",186738,6611,4417,2194,6330,2843,1409,184,1894,113709,6645,101634,3453,1977,56967,3121
2,3,203,"青森3区",154117,10289,8349,1940,9873,5975,1368,295,2235,82183,5730,71185,3632,1636,48237,3535
3,1,301,"岩手1区",153063,2013,1362,651,2850,1368,519,115,848,98944,4901,89691,2691,1661,46047,3209
3,2,302,"岩手2区",169749,8765,5835,2930,8600,3892,2149,248,2311,100680,6939,88186,3488,2067,49525,2179
3,3,303,"岩手3区",168016,6565,5250,1315,9225,5397,1300,214,2314,103911,5674,92522,3536,2179,45567,2748
4,1,401,"宮城1区",267751,594,357,237,691,255,187,31,218,156220,7805,142065,3923,2427,104769,5477
4,2,402,"宮城2区",256900,642,402,240,853,378,188,24,263,159301,6915,146111,3921,2354,90579,5525
4,3,403,"宮城3区",126904,2365,1683,682,3209,1700,650,71,788,81158,4015,72701,2876,1566,37487,2685
4,4,404,"宮城4区",179762,3173,1974,1199,3360,1517,851,96,896,115358,6077,103194,4038,2049,54568,3303
4,5,405,"宮城5区",149232,6110,4611,1499,8419,4951,1459,210,1799,91905,5881,80127,3947,1950,39110,3688
5,1,501,"秋田1区",136634,875,545,330,1104,512,297,31,264,83199,4501,74809,2453,1436,48063,3393
5,2,502,"秋田2区",114502,4495,3294,1201,4853,2510,1094,142,1107,65951,4574,57354,2794,1229,38009,1194
5,3,503,"秋田3区",132395,6044,4839,1205,8989,5805,1337,235,1612,80938,6063,68694,4180,2001,34993,1431
6,1,601,"山形1区",143207,2371,1972,399,3329,2048,450,87,744,91879,5122,81154,3617,1986,42634,2994
6,2,602,"山形2区",131166,5086,4270,816,6832,4657,781,157,1237,85346,5464,73386,4376,2120,31225,2677
6,3,603,"山形3区",122419,4353,3340,1013,6943,4485,999,165,1294,76886,5159,66263,3644,1820,32354,1883
7,1,701,"福島1区",187640,4114,3397,717,4848,3061,568,128,1091,114247,5912,102467,3748,2120,59913,4518
7,2,702,"福島2区",207575,3552,2797,755,5163,2936,682,159,1386,126270,6891,112216,4608,2555,66283,6307
7,3,703,"福島3区",151616,4964,3776,1188,6627,3835,976,202,1614,91757,6404,79392,3937,2024,44859,3409
7,4,704,"福島4区",193258,2578,1646,932,2787,1255,588,84,860,114924,6297,103375,3388,1864,68963,4006
8,1,801,"茨城1区",208901,3413,2571,842,3666,2031,611,122,902,129065,8213,113468,5083,2301,67835,4922
8,2,802,"茨城2区",145041,7360,3867,3493,4715,2531,687,191,1306,85498,5361,74925,3644,1568,43346,4122
8,3,803,"茨城3区",189569,2034,1376,658,2292,1176,453,64,599,116065,6144,103946,3805,2170,64819,4359
8,4,804,"茨城4区",128632,2706,2173,533,2250,1225,398,71,556,80319,4632,71529,2745,1413,40608,2749
8,5,805,"茨城5区",121748,912,676,236,839,428,173,29,209,73966,4213,66524,2058,1171,43999,2032
8,6,806,"茨城6区",236766,3140,2210,930,3607,1871,594,107,1035,143498,6718,129948,4351,2481,80957,5564
8,7,807,"茨城7区",150941,4092,2389,1703,3547,2161,504,113,769,97866,5939,85340,4655,1932,40562,4874
9,1,901,"栃木1区",225263,1569,1072,497,2033,926,364,72,671,129100,6169,117141,3528,2262,86985,5576
9,2,902,"栃木2区",117162,2879,2123,756,3462,1838,570,108,946,76270,4419,67613,2837,1401,32104,2447
9,3,903,"栃木3区",113001,3704,2627,1077,4129,2280,724,134,991,66985,4343,58538,2726,1378,34761,3422
9,4,904,"栃木4区",169772,4024,3121,903,4439,2539,518,147,1235,109001,5592,97756,3671,1982,48309,3999
9,5,905,"栃木5区",170251,2245,1733,512,2297,1198,366,71,662,110842,7221,97301,4324,1996,51921,2946
10,1,1001,"群馬1区",172473,4679,2805,1874,3928,1621,809,176,1322,104718,7056,91487,4205,1970,55745,3403
10,2,1002,"群馬2区",165179,2098,1454,644,2114,959,424,80,651,106644,6856,93142,4512,2134,49943,4380
10,3,1003,"群馬3区",166214,2429,1857,572,2157,1262,315,49,531,108787,5449,98067,3412,1859,48997,3844
10,4,1004,"群馬4区",154529,1380,998,382,1357,673,273,36,375,98892,5844,87709,3489,1850,49642,3258
10,5,1005,"群馬5区",144820,4422,3357,1065,3624,1898,661,129,936,92390,6014,80333,4111,1932,40786,3598
11,1,1101,"埼玉1区",195645,559,366,193,697,294,153,36,214,118488,5382,107553,3164,2389,71443,4458
11,2,1102,"埼玉2区",220460,269,139,130,338,112,100,18,108,133901,7264,119454,4591,2592,79781,6171
11,3,1103,"埼玉3区",188886,564,366,198,685,307,177,29,172,121416,6147,108855,4114,2300,60981,5240
11,4,1104,"埼玉4区",208726,497,376,121,471,239,113,19,100,127163,6455,114192,4112,2404,75288,5307
11,5,1105,"埼玉5区",207267,274,184,90,378,157,81,19,121,126498,5453,115816,3061,2168,75487,4630
11,6,1106,"埼玉6区",202010,994,770,224,1239,620,186,41,392,129960,6220,117440,3966,2334,64853,4964
11,7,1107,"埼玉7区",204100,1008,805,203,1163,568,159,44,392,118517,6259,106207,3849,2202,78758,4654
11,8,1108,"埼玉8区",216862,906,692,214,834,435,159,34,206,127701,6837,114377,4083,2404,82878,4543
11,9,1109,"埼玉9区",201028,1128,813,315,1196,578,252,55,311,125002,7205,111034,4418,2345,69767,3935
11,10,1110,"埼玉10区",165123,1367,1070,297,1452,814,246,52,340,100419,5774,89201,3646,1798,58085,3800
11,11,1111,"埼玉11区",161007,3772,2721,1051,3555,1755,634,120,1046,101348,6577,88592,4181,1998,48516,3816
11,12,1112,"埼玉12区",177095,2324,1879,445,2393,1425,343,69,556,113075,6317,100783,3927,2048,54938,4365
11,13,1113,"埼玉13区",179274,1449,1158,291,1527,892,191,42,402,113585,5635,102190,3773,1987,57842,4871
11,14,1114,"埼玉14区",214457,449,325,124,510,285,89,20,116,127158,6878,113443,4547,2290,79900,6440
11,15,1115,"埼玉15区",233331,213,119,94,258,85,61,12,100,140368,6152,128025,3730,2461,86497,5995
11,16,1116,"埼玉16区",182356,900,693,207,1055,593,174,51,237,110680,6296,98034,4171,2179,64449,5272
12,1,1201,"千葉1区",249829,278,98,180,314,74,101,10,129,138152,5488,127667,2859,2138,106057,5028
12,2,1202,"千葉2区",166010,441,310,131,503,224,99,16,164,99208,4121,91154,2299,1634,61526,4332
12,3,1203,"千葉3区",168418,947,564,383,1212,462,243,46,461,100680,4094,92458,2473,1655,60182,5397
12,4,1204,"千葉4区",220395,603,417,186,596,300,107,20,169,135600,5545,124415,3264,2376,77686,5910
12,5,1205,"千葉5区",252624,165,54,111,229,59,82,12,76,155179,6196,143263,3262,2458,89735,7316
12,6,1206,"千葉6区",230931,483,325,158,493,214,118,23,138,134119,6738,121343,3673,2365,89577,6259
12,7,1207,"千葉7区",146484,575,448,127,715,358,131,34,192,90800,4386,82104,2658,1652,50681,3713
12,8,1208,"千葉8区",187782,587,436,151,717,324,146,26,221,110505,5270,100010,3109,2116,71984,3989
12,9,1209,"千葉9区",200557,1613,1196,417,1487,729,256,57,445,118268,6353,106062,3746,2107,74215,4974
12,10,1210,"千葉10区",162177,5953,3669,2284,5579,2840,945,242,1552,94987,6181,83271,3845,1690,51296,4362
12,11,1211,"千葉11区",169537,4311,3146,1165,4383,2378,749,157,1099,96778,7355,83385,4151,1887,60319,3746
12,12,1212,"千葉12区",188937,4050,3083,967,3655,1869,634,135,1017,112746,6784,100203,3714,2045,63295,5191
12,13,1213,"千葉13区",205254,1895,1412,483,1957,1028,319,52,558,123250,5808,111668,3550,2224,73423,4729
12,14,1214,"千葉14区",218726,467,314,153,506,205,105,17,179,132731,5603,121350,3375,2403,79427,5595
13,1,1301,"東京1区",259424,51,17,34,56,12,16,4,24,102014,8359,88774,2885,1996,150563,6740
13,2,1302,"東京2区",214044,45,5,40,61,9,24,3,25,113728,8468,99844,3156,2260,93724,6486
13,3,1303,"東京3区",250157,764,565,199,408,227,60,16,105,139183,8580,124580,3580,2443,103494,6308
13,4,1304,"東京4区",281347,119,45,74,129,25,51,8,45,153762,7430,139694,4273,2365,117598,9739
13,5,1305,"東京5区",239193,168,86,82,190,56,79,12,43,122169,10022,104836,4068,3243,111206,5460
13,6,1306,"東京6区",252524,325,191,134,275,119,93,8,55,130311,10196,112582,4397,3136,115901,5712
13,7,1307,"東京7区",295940,67,22,45,58,15,18,5,20,125217,11573,106952,3647,3045,163970,6628
13,8,1308,"東京8区",264783,180,97,83,152,46,53,3,50,132891,10147,115735,3987,3022,126549,5011
13,9,1309,"東京9区",173307,246,170,76,275,126,67,12,70,91786,6618,79469,3494,2205,77200,3800
13,10,1310,"東京10区",317251,83,24,59,97,34,31,8,24,151813,11117,133438,4382,2876,159208,6050
13,11,1311,"東京11区",258330,110,45,65,113,26,38,7,42,123559,7626,109756,3979,2198,127748,6800
13,12,1312,"東京12区",245382,62,17,45,77,14,35,2,26,121873,6945,109541,3383,2004,116440,6930
13,13,1313,"東京13区",239158,109,38,71,121,28,43,7,43,113653,7034,100434,4140,2045,118700,6575
13,14,1314,"東京14区",249265,112,27,85,110,17,45,4,44,137334,8465,122049,4442,2378,105518,6191
13,15,1315,"東京15区",264111,73,10,63,114,13,51,4,46,148964,7306,135049,3863,2746,106834,8126
13,16,1316,"東京16区",229239,180,85,95,223,73,58,10,82,127207,6437,114440,4158,2172,94430,7199
13,17,1317,"東京17区",215709,134,71,63,171,56,49,11,55,117749,7225,104016,4323,2185,91972,5683
13,18,1318,"東京18区",238002,395,265,130,362,185,88,17,72,129048,8444,113625,3947,3032,103644,4553
13,19,1319,"東京19区",193268,440,316,124,404,220,76,19,89,103137,6045,91657,3153,2282,85519,3768
13,20,1320,"東京20区",220651,716,553,163,699,357,163,27,152,119621,7699,104745,4644,2533,94339,5276
13,21,1321,"東京21区",233718,532,373,159,466,220,117,25,104,124387,6268,112273,3512,2334,103714,4619
13,22,1322,"東京22区",259484,576,373,203,505,244,141,18,102,138801,9021,122105,4553,3122,114335,5267
13,23,1323,"東京23区",191703,494,339,155,512,224,113,24,151,107164,6272,94940,3406,2546,79020,4513
13,24,1324,"東京24区",212687,506,326,180,514,219,158,25,112,112749,7119,99787,3591,2252,94516,4402
13,25,1325,"東京25区",213989,925,590,335,945,432,239,34,240,123072,7863,108059,4765,2385,83395,5652
13,26,1326,"東京26区",273891,155,71,84,166,55,65,10,36,143892,10382,125630,4363,3517,123227,6451
13,27,1327,"東京27区",279264,110,52,58,93,30,28,5,30,129953,10006,113641,3852,2454,144105,5003
13,28,1328,"東京28区",201178,136,80,56,169,71,49,10,39,106653,6659,94520,3374,2100,89786,4434
13,29,1329,"東京29区",217651,125,62,63,158,53,45,8,52,108801,7528,94806,4335,2132,101927,6640
13,30,1330,"東京30区",232000,585,354,231,586,241,165,24,156,134924,7235,120937,4020,2732,90656,5249
14,1,1401,"神奈川1区",247742,253,124,129,260,83,83,6,88,136953,6817,124053,3363,2720,104724,5552
14,2,1402,"神奈川2区",255872,186,90,96,206,55,69,8,74,142988,6840,130196,3478,2474,106562,5930
14,3,1403,"神奈川3区",274454,286,163,123,308,108,88,11,101,156161,6436,143462,3721,2542,110915,6784
14,4,1404,"神奈川4区",165795,398,271,127,405,172,119,18,96,97668,6582,85279,3233,2574,63998,3326
14,5,1405,"神奈川5区",184433,438,301,137,478,210,111,20,137,113769,4686,104040,2856,2187,65536,4212
14,6,1406,"神奈川6区",205757,307,186,121,311,107,94,7,103,116453,5394,105652,3219,2188,84393,4293
14,7,1407,"神奈川7区",175177,248,168,80,253,111,59,12,71,104201,4348,95235,2534,2084,67224,3251
14,8,1408,"神奈川8区",211807,441,302,139,461,178,119,18,146,130956,6079,118319,3568,2990,75851,4098
14,9,1409,"神奈川9区",192723,384,249,135,407,170,110,19,108,109906,5471,99015,3087,2333,78169,3857
14,10,1410,"神奈川10区",202882,81,22,59,102,18,42,2,40,117593,4675,108307,2813,1798,78511,6595
14,11,1411,"神奈川11区",182254,1209,921,288,907,477,190,33,207,106228,5943,95124,3259,1902,69764,4146
14,12,1412,"神奈川12区",212787,841,548,293,789,353,175,27,234,131461,6883,118014,3968,2596,74623,5073
14,13,1413,"神奈川13区",197417,433,304,129,440,205,98,16,121,109683,5278,99106,3303,1996,82241,4620
14,14,1414,"神奈川14区",217699,675,373,302,673,261,207,28,177,126691,6613,113569,4173,2336,84324,5336
14,15,1415,"神奈川15区",227041,915,682,233,1006,491,185,29,301,132497,7075,118678,4032,2712,87268,5355
14,16,1416,"神奈川16区",203643,1000,767,233,1043,585,186,27,245,124462,5596,113501,3375,1990,72590,4548
14,17,1417,"神奈川17区",225099,1991,1601,390,2018,1233,298,53,434,137204,7657,122634,4359,2554,78794,5092
14,18,1418,"神奈川18区",248194,224,114,110,289,104,96,16,73,152447,6227,140003,3431,2786,89549,5685
14,19,1419,"神奈川19区",186457,508,311,197,543,251,125,18,149,117709,5077,106264,3693,2675,63563,4134
14,20,1420,"神奈川20区",192889,347,198,149,388,158,97,15,118,108158,5520,97614,3042,1982,79605,4391
15,1,1501,"新潟1区",194209,2356,1950,406,2338,1427,315,73,523,119877,6676,107345,3723,2133,66158,3480
15,2,1502,"新潟2区",180780,2554,2021,533,4519,2913,635,107,864,118151,7081,103017,5351,2702,51576,3980
15,3,1503,"新潟3区",163338,3916,2513,1403,6244,3325,1282,172,1465,104385,5983,91342,4650,2410,45561,3232
15,4,1504,"新潟4区",167319,2207,1696,511,3104,1906,558,75,565,109972,5451,98360,3951,2210,49751,2285
15,5,1505,"新潟5区",157150,4743,3034,1709,6283,2783,1479,253,1768,101904,6266,88896,4340,2402,41579,2641
16,1,1601,"富山1区",138412,758,522,236,1185,612,258,30,285,92081,4829,82325,3188,1739,41214,3174
16,2,1602,"富山2区",106469,1727,1041,686,2636,1277,730,55,574,73525,3789,64966,3169,1601,26538,2043
16,3,1603,"富山3区",158126,1874,1039,835,3627,1601,1178,114,734,108199,6251,94320,5149,2479,40931,3495
17,1,1701,"石川1区",207119,886,558,328,1103,460,293,54,296,128424,7792,113024,5040,2568,71556,5150
17,2,1702,"石川2区",153519,1290,847,443,2063,978,527,76,482,107326,6108,93887,4965,2366,40624,2216
17,3,1703,"石川3区",108197,2696,1737,959,2976,1466,797,97,616,68680,5139,58527,3565,1449,32489,1356
18,1,1801,"福井1区",170442,1793,1223,570,3602,1862,875,120,745,116578,7017,100651,5987,2923,44679,3790
18,2,1802,"福井2区",120250,1693,1100,593,2531,1173,668,66,624,82779,5138,71431,4178,2032,30976,2271
19,1,1901,"山梨1区",216163,4662,3623,1039,4311,2235,724,182,1170,132908,10433,113787,6006,2682,70697,3585
19,2,1902,"山梨2区",121894,4893,4302,591,3748,2315,451,120,862,75649,6241,63795,3951,1662,36013,1591
20,1,2001,"長野1区",204765,7103,5099,2004,8020,3741,1286,364,2629,125431,7578,110013,5080,2760,58945,5266
20,2,2002,"長野2区",186808,5921,4632,1289,6365,3335,985,269,1776,114356,8031,98701,4809,2815,55757,4409
20,3,2003,"長野3区",189815,6618,5042,1576,5813,3099,903,211,1600,115948,8053,100086,5180,2629,58254,3182
20,4,2004,"長野4区",118960,2861,2159,702,2948,1509,489,121,829,78509,5340,68195,3228,1746,33333,1309
20,5,2005,"長野5区",129631,5145,3891,1254,6252,3216,1037,232,1767,83891,5526,72544,3731,2090,31920,2423
21,1,2101,"岐阜1区",173032,917,601,316,1214,532,262,59,361,108169,7526,93442,4720,2481,58352,4380
21,2,2102,"岐阜2区",133364,1496,994,502,2346,1044,567,93,642,90643,5455,79159,3988,2041,36339,2540
21,3,2103,"岐阜3区",192858,1547,1034,513,2139,986,455,92,606,128878,7894,111993,5897,3094,56434,3860
21,4,2104,"岐阜4区",153712,3126,1797,1329,4276,1536,1156,219,1365,102121,6973,87612,4868,2668,42076,2113
21,5,2105,"岐阜5区",126063,1276,737,539,1694,656,475,63,500,84431,5372,73246,3825,1988,36393,2269
22,1,2201,"静岡1区",201232,1363,1054,309,1724,989,244,66,425,132065,8903,114889,5524,2749,61325,4755
22,2,2202,"静岡2区",172207,2846,2030,816,4163,2125,685,146,1207,120130,7320,104601,5191,3018,42078,2990
22,3,2203,"静岡3区",178120,3397,2321,1076,4844,2399,893,159,1393,124791,5996,111554,4597,2644,42072,3016
22,4,2204,"静岡4区",152650,1804,1206,598,2011,1047,375,74,515,101228,6543,88129,4384,2172,44208,3399
22,5,2205,"静岡5区",212825,1797,1266,531,2632,1289,443,84,816,148370,8199,132134,5111,2926,58854,1172
22,6,2206,"静岡6区",220730,2822,2032,790,2768,1445,546,109,668,131344,11018,112558,5390,2378,81118,2678
22,7,2207,"静岡7区",142606,3612,2629,983,4593,2132,799,166,1496,99736,5356,88132,4012,2236,33056,1609
22,8,2208,"静岡8区",200599,953,529,424,1408,437,329,77,565,140762,7999,125274,4842,2647,55027,2449
23,1,2301,"愛知1区",261978,119,65,54,122,31,41,4,46,144937,9558,128740,4197,2442,111102,5698
23,2,2302,"愛知2区",236770,208,92,116,248,66,97,10,75,140773,8056,125794,4112,2811,90479,5062
23,3,2303,"愛知3区",234127,286,181,105,421,163,106,21,131,141675,7391,127356,4159,2769,86915,4830
23,4,2304,"愛知4区",211382,201,97,104,269,87,74,12,96,123460,6706,110666,3875,2213,83193,4259
23,5,2305,"愛知5区",204497,285,195,90,338,139,62,17,120,116782,6761,104051,3869,2101,82013,5079
23,6,2306,"愛知6区",182993,528,340,188,589,189,155,32,213,117740,5956,105411,3959,2414,60102,4034
23,7,2307,"愛知7区",180757,647,469,178,842,368,191,22,261,120655,5303,109163,3623,2566,55146,3467
23,8,2308,"愛知8区",220121,2257,1615,642,2503,1113,417,82,891,143880,6582,130401,4135,2762,66447,5034
23,9,2309,"愛知9区",179884,2038,1520,518,2612,1371,419,101,721,119307,6391,105410,4814,2692,51399,4528
23,10,2310,"愛知10区",173321,620,455,165,748,354,157,23,214,106492,5883,93995,4188,2426,61366,4095
23,11,2311,"愛知11区",200738,1192,813,379,1701,718,368,63,552,137105,4554,126756,3172,2623,55174,5566
23,12,2312,"愛知12区",218332,1757,1265,492,2608,1086,478,124,920,149987,7251,134268,5096,3372,58353,5627
23,13,2313,"愛知13区",221053,1263,948,315,1806,777,278,76,675,148981,5835,136361,3968,2817,63672,5331
23,14,2314,"愛知14区",138821,2784,1922,862,3602,1422,505,159,1516,95162,5068,84100,3560,2434,34487,2786
23,15,2315,"愛知15区",172435,5103,3617,1486,5834,2318,737,232,2547,110430,6301,97658,4009,2462,46668,4400
23,16,2316,"愛知16区",195917,790,625,165,906,496,140,34,236,128804,5981,115985,4128,2710,60572,4845
24,1,2401,"三重1区",182746,2066,1310,756,2300,997,494,82,727,113667,6745,100496,4116,2310,59766,4947
24,2,2402,"三重2区",207015,2339,1484,855,2711,1256,518,86,851,129044,6565,115690,4216,2573,66912,6009
24,3,2403,"三重3区",208803,1036,699,337,1640,692,339,57,552,133845,6438,120331,4318,2758,66152,6130
24,4,2404,"三重4区",142619,3944,2811,1133,3407,1552,975,139,741,82543,7427,69090,4070,1956,48910,3815
25,1,2501,"滋賀1区",163874,987,703,284,1235,638,254,44,299,97599,5918,85676,3784,2221,60253,3800
25,2,2502,"滋賀2区",205701,2318,1592,726,3643,1796,835,113,899,135613,7033,119963,5523,3094,58219,5908
25,3,2503,"滋賀3区",200954,1549,947,602,2088,917,512,67,592,127029,5617,114660,4143,2609,65387,4901
26,1,2601,"京都1区",264408,366,234,132,461,209,94,26,132,130197,11504,110715,5432,2546,127408,5976
26,2,2602,"京都2区",170427,340,200,140,323,140,85,22,76,79948,7739,66711,3742,1756,86122,3694
26,3,2603,"京都3区",194865,604,432,172,598,299,108,20,171,105580,6880,92530,4200,1970,83712,4371
26,4,2604,"京都4区",215490,1941,1380,561,1961,975,484,69,433,112478,8534,96126,5346,2472,94025,5085
26,5,2605,"京都5区",118552,2876,2241,635,2315,1302,452,96,465,71993,5971,61109,3265,1648,38265,3103
26,6,2606,"京都6区",225161,1806,1377,429,1813,930,275,50,558,130736,7880,115146,5041,2669,84855,5951
27,1,2701,"大阪1区",314327,62,16,46,66,12,31,6,17,141115,11256,123194,4436,2229,165101,7983
27,2,2702,"大阪2区",275687,129,75,54,141,56,36,7,42,124652,10942,105474,5736,2500,143567,7198
27,3,2703,"大阪3区",230454,96,50,46,87,25,24,5,33,96030,7335,83141,3959,1595,127716,6525
27,4,2704,"大阪4区",267828,66,10,56,66,12,16,3,35,134035,9423,118163,4195,2254,126832,6829
27,5,2705,"大阪5区",282245,96,26,70,115,26,41,9,39,136045,7941,121929,4291,1884,138191,7798
27,6,2706,"大阪6区",219147,143,80,63,164,61,38,10,55,114203,8377,98739,5066,2021,97729,6908
27,7,2707,"大阪7区",220168,155,82,73,201,77,59,7,58,128182,6319,115813,3821,2229,86328,5302
27,8,2708,"大阪8区",225301,338,208,130,322,133,94,7,88,134035,8080,119020,4370,2565,85289,5317
27,9,2709,"大阪9区",194156,658,509,149,606,352,111,15,128,114669,6325,102392,3736,2216,73889,4334
27,10,2710,"大阪10区",165369,342,245,97,323,155,74,18,76,94470,4743,85034,2853,1840,66040,4194
27,11,2711,"大阪11区",201552,450,351,99,394,180,85,17,112,111942,5978,99936,3800,2228,83978,4788
27,12,2712,"大阪12区",176430,220,135,85,251,114,48,11,78,98853,6680,86015,4372,1786,71665,5441
27,13,2713,"大阪13区",231950,215,157,58,214,106,48,12,48,111398,8414,95849,4976,2159,113601,6522
27,14,2714,"大阪14区",216763,697,534,163,621,336,119,20,146,122906,8988,105845,5636,2437,86385,6154
27,15,2715,"大阪15区",192096,941,703,238,897,471,168,31,227,105930,7327,91808,4586,2209,79037,5291
27,16,2716,"大阪16区",182945,176,114,62,248,108,50,15,75,101941,6196,90277,3667,1801,75509,5071
27,17,2717,"大阪17区",167772,357,249,108,387,182,84,17,104,92876,5953,81298,3768,1857,69324,4828
27,18,2718,"大阪18区",214839,689,503,186,783,404,149,26,204,121046,7802,105522,5302,2420,86269,6052
27,19,2719,"大阪19区",147966,949,765,184,963,573,139,30,221,87115,5507,76218,3725,1665,55054,3885
28,1,2801,"兵庫1区",263153,137,54,83,142,34,52,8,48,134013,8624,119014,3937,2438,122973,5888
28,2,2802,"兵庫2区",215405,613,446,167,622,296,157,24,145,114440,7650,100663,4059,2068,93681,6049
28,3,2803,"兵庫3区",171848,223,125,98,255,75,79,11,90,91054,5231,81347,2802,1674,76325,3991
28,4,2804,"兵庫4区",203187,2224,1724,500,2740,1456,466,69,749,123355,7056,108716,4984,2599,69407,5461
28,5,2805,"兵庫5区",172152,3956,3042,914,4437,2362,919,124,1032,108960,7412,94069,4825,2654,51364,3435
28,6,2806,"兵庫6区",221394,645,422,223,634,286,164,25,159,128204,7204,114457,4087,2456,86577,5334
28,7,2807,"兵庫7区",241473,264,134,130,245,87,79,10,69,139013,8192,123588,4342,2891,96790,5161
28,8,2808,"兵庫8区",221148,196,107,89,244,78,84,10,72,111996,6804,99236,4068,1888,103215,5497
28,9,2809,"兵庫9区",185694,3931,3420,511,3394,2285,338,114,657,101132,6308,89527,3408,1889,72135,5102
28,10,2810,"兵庫10区",168902,638,443,195,757,318,184,31,224,104229,5404,93165,3624,2036,58396,4882
28,11,2811,"兵庫11区",206957,571,354,217,663,234,166,31,232,131303,8193,115605,5090,2415,69798,4622
28,12,2812,"兵庫12区",128045,1966,1281,685,2041,902,557,71,511,81524,5759,70167,3930,1668,40075,2439
29,1,2901,"奈良1区",200855,831,600,231,811,403,152,33,223,115423,7446,101793,3889,2295,79953,3837
29,2,2902,"奈良2区",177582,1622,1310,312,1602,924,204,64,410,108706,6777,95339,4219,2371,61348,4304
29,3,2903,"奈良3区",165471,2558,1892,666,2313,1252,429,96,536,96267,8160,81446,4665,1996,60151,4182
30,1,3001,"和歌山1区",202591,2932,2555,377,2384,1383,243,96,662,117146,8664,101371,4933,2178,74260,5869
30,2,3002,"和歌山2区",190898,9432,7992,1440,6845,4017,930,309,1589,104941,11504,85675,5503,2259,64961,4719
31,1,3101,"鳥取1区",110038,2638,1953,685,3641,1934,726,112,869,66316,3788,58417,2564,1547,34248,3195
31,2,3102,"鳥取2区",109031,3631,2650,981,4313,2448,708,119,1038,65614,3833,57805,2490,1486,33118,2355
32,1,3201,"島根1区",125340,2856,2031,825,4052,2158,885,109,900,77672,4494,68526,2990,1662,37868,2892
32,2,3202,"島根2区",143122,4022,2803,1219,4714,2307,1192,142,1073,89966,5418,79181,3385,1982,40958,3462
33,1,3301,"岡山1区",194358,2539,1970,569,2124,1234,289,69,532,111578,6409,99804,3306,2059,74767,3350
33,2,3302,"岡山2区",210038,2380,1762,618,2532,1271,379,88,794,126982,7105,112736,4505,2636,73110,5034
33,3,3303,"岡山3区",191952,6747,5245,1502,6446,3593,1129,198,1526,113291,7130,98939,4542,2680,59896,5572
33,4,3304,"岡山4区",203263,1261,1011,250,1396,784,204,41,367,119346,5912,106858,3981,2595,75759,5501
34,1,3401,"広島1区",246358,448,226,222,348,140,96,14,98,151896,8693,136413,4272,2518,88214,5452
34,2,3402,"広島2区",211829,1154,598,556,900,395,231,37,237,133881,7266,119914,4219,2482,70974,4920
34,3,3403,"広島3区",216495,2413,1721,692,2120,978,475,87,580,136544,7014,122248,4555,2727,69877,5541
34,4,3404,"広島4区",217768,3892,2532,1360,2175,1095,463,74,543,129105,7059,116331,3411,2304,77614,4982
34,5,3405,"広島5区",155778,5834,4152,1682,4453,2195,967,138,1153,91658,6308,80240,3251,1859,50283,3550
34,6,3406,"広島6区",192976,1104,761,343,1260,580,270,49,361,119235,6752,105920,4104,2459,65139,6238
35,1,3501,"山口1区",207999,2633,2042,591,2370,1268,447,55,600,130115,7324,116701,3845,2245,69917,2964
35,2,3502,"山口2区",202591,3113,2598,515,1986,1122,320,65,479,118056,7357,105026,3687,1986,75798,3638
35,3,3503,"山口3区",186719,4632,3488,1144,3622,1986,728,95,813,110806,7248,97893,3787,1878,64666,2993
36,1,3601,"徳島1区",188104,4691,3631,1060,3950,2144,579,178,1049,103019,7352,89717,4142,1808,72550,3894
36,2,3602,"徳島2区",119254,3983,3120,863,3197,1891,465,119,722,68427,4918,59047,3077,1385,41027,2620
37,1,3701,"香川1区",169879,1487,1091,396,1368,691,257,39,381,102488,5824,91873,3048,1743,60790,3746
37,2,3702,"香川2区",121765,3127,2204,923,2622,1495,398,70,659,72397,4413,63749,2838,1397,40886,2733
37,3,3703,"香川3区",114418,3128,2347,781,2860,1737,387,106,630,68182,4108,60268,2457,1349,37213,3035
38,1,3801,"愛媛1区",240734,2398,2001,397,1646,889,296,53,408,126886,7629,112966,4153,2138,104549,5255
38,2,3802,"愛媛2区",203321,3923,3283,640,2675,1523,403,62,687,122128,7776,108107,4089,2156,70754,3841
38,3,3803,"愛媛3区",155886,10516,8383,2133,6270,3382,1346,192,1350,83127,6935,71257,3351,1584,53083,2890
39,1,3901,"高知1区",167345,6263,4579,1684,3964,2032,797,140,995,87121,6866,75285,3438,1532,66120,3877
39,2,3902,"高知2区",146985,6551,4569,1982,4354,2139,1045,167,1003,72790,6902,61177,3362,1349,59820,3470
40,1,4001,"福岡1区",296506,297,154,143,294,132,74,11,77,162293,8306,148081,3803,2103,126482,7140
40,2,4002,"福岡2区",301554,247,114,133,273,107,91,16,59,165240,12108,145170,5168,2794,129332,6462
40,3,4003,"福岡3区",242851,1863,1328,535,2077,980,339,108,650,143538,9300,126021,5501,2716,89593,5780
40,4,4004,"福岡4区",196849,1217,899,318,1272,710,221,37,304,124809,6876,111026,4514,2393,64900,4651
40,5,4005,"福岡5区",224310,1863,1314,549,2018,1044,386,78,510,132079,8468,115584,5340,2687,82681,5669
40,6,4006,"福岡6区",184409,4299,2788,1511,4042,1954,795,150,1143,108617,7597,94245,4710,2065,62825,4626
40,7,4007,"福岡7区",134493,4323,3497,826,3836,2224,563,164,885,75310,6108,63747,3886,1569,47036,3988
40,8,4008,"福岡8区",173935,1585,1231,354,1396,773,245,43,335,99297,6924,86636,3911,1826,68110,3547
40,9,4009,"福岡9区",205308,524,306,218,534,166,135,19,214,118011,7338,105041,3739,1893,81797,4442
40,10,4010,"福岡10区",230056,536,377,159,498,266,98,13,121,127111,7931,113173,4006,2001,95793,6118
40,11,4011,"福岡11区",128208,1808,1402,406,1368,790,257,35,286,73570,4981,64794,2513,1282,48892,2570
41,1,4101,"佐賀1区",163250,2759,2226,533,3129,1978,477,69,605,105022,6128,93072,3835,1987,48588,3752
41,2,4102,"佐賀2区",147923,5580,4503,1077,6680,4231,864,184,1401,95781,6769,82184,4688,2140,37189,2693
42,1,4201,"長崎1区",186988,1088,727,361,1100,504,309,36,251,112080,7426,98948,3998,1708,68378,4342
42,2,4202,"長崎2区",189528,7870,5875,1995,6232,3527,1099,200,1406,116475,8622,100711,4994,2148,55206,3745
42,3,4203,"長崎3区",179614,5566,3710,1856,4809,2356,1292,166,995,106613,8319,92042,4435,1817,59435,3191
43,1,4301,"熊本1区",236652,1518,954,564,1642,673,369,66,534,142092,8888,125796,4834,2574,85625,5775
43,2,4302,"熊本2区",150507,5031,3455,1576,3728,2038,559,101,1030,90168,5670,79128,3625,1745,48286,3294
43,3,4303,"熊本3区",144323,7571,5706,1865,6254,3591,1075,177,1411,90233,5883,78867,3779,1704,38831,1434
43,4,4304,"熊本4区",185258,10668,7251,3417,7869,4401,1553,264,1651,105644,8571,90409,4703,1961,59407,1670
44,1,4401,"大分1区",203802,1262,680,582,1348,406,347,56,539,130855,6929,118107,3755,2064,66572,3765
44,2,4402,"大分2区",125172,7128,5142,1986,5123,2562,1118,169,1274,70361,6105,60057,2989,1210,41283,1277
44,3,4403,"大分3区",158705,4231,3071,1160,3186,1745,594,108,739,88092,6189,77319,3074,1510,60428,2768
45,1,4501,"宮崎1区",194083,4136,2845,1291,3197,1191,786,145,1075,109736,7488,96445,3975,1828,72872,4142
45,2,4502,"宮崎2区",133447,7460,5022,2438,5544,2335,1578,199,1432,76634,6416,65497,3295,1426,42026,1783
45,3,4503,"宮崎3区",141045,7993,4973,3020,4854,1739,1726,184,1205,77695,6255,67077,3094,1269,48830,1673
46,1,4601,"鹿児島1区",207153,1008,628,380,870,292,280,35,263,120867,7934,107284,3797,1852,80109,4299
46,2,4602,"鹿児島2区",177134,8679,6387,2292,4467,2269,1020,157,1021,103344,8174,89743,3810,1617,58463,2181
46,3,4603,"鹿児島3区",164751,6679,4733,1946,4504,2049,1318,148,989,97154,6876,85621,3158,1499,54978,1436
46,4,4604,"鹿児島4区",176817,11695,7676,4019,6224,2418,2141,223,1442,92938,7642,80645,3214,1437,63279,2681
47,1,4701,"沖縄1区",149836,1026,774,252,666,341,166,21,138,79692,5932,69395,2871,1494,64409,4043
47,2,4702,"沖縄2区",152820,580,399,181,657,328,143,14,172,80196,5581,69262,3677,1676,66598,4789
47,3,4703,"沖縄3区",164359,3780,2819,961,2531,1444,468,87,532,78335,6200,67058,3408,1669,74501,5212
47,4,4704,"沖縄4区",146279,5121,4135,986,3715,2293,549,129,744,83361,6533,71390,3671,1767,50062,4020
